timestamp,icao24,callsign,latitude,longitude,altitude,velocity,heading,vertical_rate,on_ground
2026-03-08T23:20:34.636285,75002c,AXM1726,3.8325,101.304,10812.78,234.03,319.9,-4.23,FALSE
2026-03-08T23:22:35.985446,75002c,AXM1726,3.9149,101.235,10568.94,235.15,319.97,-5.53,FALSE
2026-03-08T23:24:37.178718,75002c,AXM1726,3.9149,101.235,10568.94,235.15,319.97,-5.53,FALSE
2026-03-08T23:26:38.494495,75002c,AXM1726,3.9149,101.235,10568.94,235.15,319.97,-5.53,FALSE
2026-03-08T23:34:44.345814,80152d,IGO1038,3.7195,100.6027,8549.64,228.69,305.48,13.66,FALSE
2026-03-08T23:36:45.851744,80152d,IGO1038,3.7195,100.6027,8549.64,228.69,305.48,13.66,FALSE
2026-03-08T23:41:29.365266,4bb0e7,THY057,4.0333,101.5517,10980.42,256.74,329.27,0,FALSE
2026-03-08T23:43:30.911751,4bb0e7,THY057,4.256,101.42,10972.8,256.04,329.31,0,FALSE
2026-03-08T23:43:30.911751,75027c,AXM6416,4.4839,100.3089,4282.44,180.94,345.17,-11.05,FALSE
2026-03-08T23:45:32.256687,4bb0e7,THY057,4.256,101.42,10972.8,256.04,329.31,0,FALSE
2026-03-08T23:45:32.256687,75027c,AXM6416,4.4839,100.3089,4282.44,180.94,345.17,-11.05,FALSE
2026-03-08T23:47:34.107517,4bb0e7,THY057,4.256,101.42,10972.8,256.04,329.31,0,FALSE
2026-03-08T23:47:34.107517,75027c,AXM6416,4.4839,100.3089,4282.44,180.94,345.17,-11.05,FALSE
2026-03-08T23:47:34.107517,800c43,AIC2383,3.7982,101.5149,10370.82,234.26,332.25,-0.33,FALSE
2026-03-08T23:47:34.107517,800bef,AIC2387,3.7185,100.9809,7940.04,208.32,326.58,6.83,FALSE
2026-03-08T23:49:35.417297,800c43,AIC2383,4.0061,101.3963,10363.2,227.87,326.88,0,FALSE
2026-03-08T23:49:35.417297,800bef,AIC2387,3.9224,100.8451,8534.4,216.02,325.97,0.33,FALSE
2026-03-08T23:52:38.421781,750466,AXM6128,3.7385,100.9517,7315.2,218.55,335.97,0,False
2026-03-08T23:52:38.421781,800c43,AIC2383,4.054,101.3652,10363.2,227.87,326.88,0,False
2026-03-08T23:52:38.421781,800bef,AIC2387,4.1633,100.5959,8534.4,224.8,301.14,0,False
2026-03-08T23:55:40.811345,750466,AXM6128,3.9087,100.916,7315.2,220.81,351.96,0,False
2026-03-08T23:55:40.811345,800bef,AIC2387,4.2209,100.5015,8534.4,224.63,301.32,0,False
2026-03-08T23:57:41.986851,750466,AXM6128,3.9087,100.916,7315.2,220.81,351.96,0,False
2026-03-08T23:57:41.986851,800bef,AIC2387,4.2209,100.5015,8534.4,224.63,301.32,0,False
2026-03-09T06:09:54.861902,801552,AIC2380,3.8008,101.3937,10668,245.34,147.68,0,False
2026-03-09T06:11:55.888702,8013ea,AIC2386,4.1725,101.2016,8656.32,242.38,175.98,-5.2,False
2026-03-09T06:13:56.901143,8013ea,AIC2386,4.1725,101.2016,8656.32,242.38,175.98,-5.2,False
2026-03-09T06:15:58.106107,801492,IGO1032,3.781,100.7615,7909.56,232.6,354.42,4.88,False
2026-03-09T06:17:59.241401,801492,IGO1032,4.0874,100.7526,8526.78,242.96,20.97,2.28,False
2026-03-09T10:10:50.562907,75044a,MAS4,3.9915,100.8388,6865.62,219.44,335.78,6.83,False
2026-03-09T10:18:56.045455,75059a,XAX604,3.7319,100.9546,5844.54,211.88,324.19,7.8,False
2026-03-09T10:20:57.422675,75059a,XAX604,3.9873,100.8409,6507.48,227.06,335.93,4.23,False
2026-03-09T17:13:34.274161,7502b3,AXM6131,4.2047,100.562,7711.44,219.7,180.94,5.53,False
2026-03-09T17:13:34.274161,7503c8,Unknown,4.2937,100.432,8839.2,228.89,171.47,0,False
2026-03-09T17:15:35.707504,7503c8,Unknown,4.2937,100.432,8839.2,228.89,171.47,0,False
2026-03-09T17:19:37.848057,75020a,MAS183,3.9303,100.8026,8999.22,224.05,110.85,-5.53,False
2026-03-09T17:21:38.910693,75020a,MAS183,3.8755,100.9483,8602.98,225.13,110.46,-5.53,False
2026-03-09T17:23:39.964240,75020a,MAS183,3.8755,100.9483,8602.98,225.13,110.46,-5.53,False
2026-03-09T17:25:40.977679,75002a,AXM6422,4.0983,101.5651,9151.62,237.49,324.97,0.33,False
2026-03-09T17:25:40.977679,75020a,MAS183,3.8755,100.9483,8602.98,225.13,110.46,-5.53,False
2026-03-09T17:27:42.095450,75002a,AXM6422,4.1889,101.5017,9151.62,236.05,325.03,0,False
2026-03-09T17:29:43.201241,4007ec,,3.8616,100.9415,9144,255.44,304.75,0,False
2026-03-09T17:29:43.201241,75002a,AXM6422,4.1889,101.5017,9151.62,236.05,325.03,0,False
2026-03-09T17:36:17.210624,4007ec,,4.0653,100.6489,9144,255.15,304.65,0,False
2026-03-09T17:42:20.324394,76b86d,TGW425,4.0752,101.5774,9555.48,238.41,154.71,6.18,False
2026-03-09T17:46:22.478143,76d256,TGW487,3.7194,101.0747,6957.06,221.9,147.3,6.18,False
2026-03-09T17:52:25.992613,76b44c,Unknown,4.2511,100.5313,7117.08,208.92,158.17,6.5,False
2026-03-09T17:52:25.992613,80155f,AIC2148,4.0044,101.5693,10370.82,236.4,340.82,-0.33,False
2026-03-09T17:54:27.163245,7504f7,RMY9001,3.8866,100.8854,7315.2,217.4,335.98,-0.33,False
2026-03-09T17:54:27.163245,76b44c,SIA137,4.1633,100.5661,7437.12,215.23,158.4,6.83,False
2026-03-09T17:54:27.163245,80155f,AIC2148,4.2389,101.4755,10363.2,238.22,329.5,-0.33,False
2026-03-09T17:56:28.327494,461f4a,FIN131,3.8481,100.9941,12496.8,247.99,151.1,0,False
2026-03-09T17:56:28.327494,7504f7,RMY9001,3.9763,100.8456,7315.2,216.25,336,0,False
2026-03-09T17:56:28.327494,76b44c,SIA137,4.1633,100.5661,7437.12,215.23,158.4,6.83,False
2026-03-09T17:56:28.327494,80155f,AIC2148,4.3204,101.4281,10363.2,237.78,329.44,-0.33,False
2026-03-09T17:58:29.316940,7504f7,RMY9001,3.9763,100.8456,7315.2,216.25,336,0,False
2026-03-09T17:58:29.316940,76b44c,SIA137,3.7058,100.9874,9662.16,234.44,120.17,7.8,False
2026-03-09T17:58:29.316940,80155f,AIC2148,4.3204,101.4281,10363.2,237.78,329.44,-0.33,False
2026-03-09T18:00:30.421109,76cdc1,SIA321,4.41,100.3924,11277.6,245.84,146.61,0,False
2026-03-09T18:00:30.421109,7504f7,RMY9001,3.9763,100.8456,7315.2,216.25,336,0,False
2026-03-09T18:02:31.597684,76cdc1,SIA321,4.1937,100.5398,11277.6,245,145.61,0,False
2026-03-09T18:04:32.799012,76cdc1,SIA321,3.9838,100.6825,11277.6,246.14,145.65,0,False
2026-03-09T18:06:34.095917,750205,Unknown,4.112,100.7145,7620,227.59,123.01,0,False
2026-03-09T18:06:34.095917,76cdc1,SIA321,3.7502,100.8411,11277.6,249.14,145.69,0,False
2026-03-09T18:08:35.164370,750205,Unknown,4.1056,100.7245,7620,225.98,121.88,-0.65,False
2026-03-09T18:10:36.178823,750205,Unknown,4.1056,100.7245,7620,225.98,121.88,-0.65,False
2026-03-09T18:10:36.178823,750470,AXM820,3.7635,101.4634,8564.88,225.01,10.54,5.2,False
2026-03-09T18:12:37.476180,750470,AXM820,4.1549,101.5086,9723.12,225.01,10.54,5.2,False
2026-03-09T18:14:38.553644,75002c,AXM6417,3.7783,100.9651,9974.58,226.45,129.84,5.53,False
2026-03-09T18:14:38.553644,750470,AXM820,4.1549,101.5086,9723.12,225.01,10.54,5.2,False
2026-03-09T18:16:39.781713,750470,AXM820,4.1549,101.5086,9723.12,225.01,10.54,5.2,False
2026-03-09T18:32:49.111486,8016c5,IGO1037,3.7111,100.9379,7452.36,216.53,117.6,-5.2,False
2026-03-09T18:44:55.874784,750474,AXM6014,3.7451,100.8168,7063.74,227.85,339.93,7.48,False
2026-03-09T18:46:56.833160,76cc6e,SIA421,3.7652,100.3023,11269.98,253.64,128.66,-0.33,False
2026-03-09T18:46:56.833160,750474,AXM6014,4.1466,100.641,8542.02,221.41,341.44,0,False
2026-03-09T18:48:57.867443,750333,AXM6116,3.7137,100.8422,7315.2,218.08,335.91,0,False
2026-03-09T18:48:57.867443,750405,MXD2210,3.9119,100.8679,8534.4,218.87,326.31,0,False
2026-03-09T18:48:57.867443,750474,AXM6014,4.2599,100.6029,8534.4,221.57,341.31,0,False
2026-03-09T18:50:58.920517,750333,AXM6116,3.7137,100.8422,7315.2,218.08,335.91,0,False
2026-03-09T18:50:58.920517,750405,MXD2210,4.0275,100.792,8534.4,217.74,326.76,0,False
2026-03-09T18:50:58.920517,750474,AXM6014,4.2599,100.6029,8534.4,221.57,341.31,0,False
2026-03-09T18:50:58.920517,750450,AXM6314,3.8101,100.8154,6621.78,228.86,300.83,2.93,False
2026-03-09T18:52:59.998335,750333,AXM6116,4.0941,100.6728,7315.2,217.14,335.8,0,False
2026-03-09T18:52:59.998335,750405,MXD2210,4.0275,100.792,8534.4,217.74,326.76,0,False
2026-03-09T18:52:59.998335,750474,AXM6014,4.2599,100.6029,8534.4,221.57,341.31,0,False
2026-03-09T18:52:59.998335,750450,AXM6314,3.8101,100.8154,6621.78,228.86,300.83,2.93,False
2026-03-09T18:55:01.028628,750333,AXM6116,4.2381,100.6074,7040.88,205.68,333.56,-9.75,False
2026-03-09T18:55:01.028628,7502b3,AXM6130,4.0919,100.7003,6057.9,196.25,333.7,-4.23,False
2026-03-09T18:55:01.028628,750405,MXD2210,4.0275,100.792,8534.4,217.74,326.76,0,False
2026-03-09T18:55:01.028628,750450,AXM6314,3.8101,100.8154,6621.78,228.86,300.83,2.93,False
2026-03-09T22:38:52.550972,7504a0,AXM53,3.7322,100.5854,9334.5,228.45,305.84,4.88,False
2026-03-09T22:40:53.782311,7504a0,AXM53,3.7394,100.5756,9364.98,229.47,305.97,4.55,False
2026-03-09T22:42:54.952605,7504a0,AXM53,3.7394,100.5756,9364.98,229.47,305.97,4.55,False
2026-03-09T22:46:58.015949,750450,AXM103,3.8085,100.9345,8351.52,216.43,336.91,6.18,False
2026-03-09T22:48:59.057845,750450,AXM103,3.9757,100.86,8755.38,224.46,335.49,4.88,False
2026-03-09T22:51:00.286133,750450,AXM103,3.9757,100.86,8755.38,224.46,335.49,4.88,False
2026-03-09T22:53:01.463268,750450,AXM103,3.9757,100.86,8755.38,224.46,335.49,4.88,False
2026-03-09T22:53:01.463268,75054f,MAS196,4.0288,100.7477,7490.46,227.44,325.88,4.88,False
2026-03-09T22:57:07.417229,461f4a,FIN132,4.0398,101.526,10462.26,257.99,329.7,1.3,False
2026-03-09T22:57:07.417229,75054f,MAS196,4.0288,100.7477,7490.46,227.29,326.17,6.18,False
2026-03-09T22:59:08.541494,461f4a,FIN132,4.1375,101.4692,10568.94,257.99,329.7,2.93,False
2026-03-09T22:59:08.541494,75029c,AXM6128,3.8703,100.9274,6530.34,224.1,330.73,-5.2,False
2026-03-09T22:59:08.541494,750288,Unknown,3.8671,101.3432,6438.9,191.97,144.82,-4.88,False
2026-03-09T22:59:08.541494,75054f,MAS196,4.0288,100.7477,7490.46,227.29,326.17,6.18,False
2026-03-09T23:01:09.884549,461f4a,FIN132,4.1375,101.4692,10568.94,257.99,329.7,2.93,False
2026-03-09T23:01:09.884549,75029c,AXM6128,3.9369,100.8902,6339.84,221.11,330.75,-5.53,False
2026-03-09T23:01:09.884549,750288,Unknown,3.8671,101.3432,6438.9,191.97,144.82,-4.88,False
2026-03-09T23:03:11.726431,461f4a,FIN132,4.1375,101.4692,10568.94,257.99,329.7,2.93,False
2026-03-09T23:03:11.726431,75029c,AXM6128,3.9369,100.8902,6339.84,221.11,330.75,-5.53,False
2026-03-09T23:09:25.287156,7502c2,MXD162,3.9743,100.8077,6477,221.59,340.89,3.9,False
2026-03-09T23:11:26.434607,7502c2,MXD162,3.9743,100.8077,6477,221.59,340.89,3.9,False
2026-03-09T23:11:26.434607,800d0f,IGO1004,3.7097,100.6064,10363.2,233.78,306.14,0,False
2026-03-09T23:14:28.584977,800d0f,IGO1004,3.7413,100.5633,10363.2,233.78,306.14,0,False
2026-03-09T23:16:29.626000,800d0f,IGO1004,3.7413,100.5633,10363.2,233.78,306.14,0,False
2026-03-09T23:30:37.145334,7105ab,SVA840,3.7063,100.7,9364.98,226.6,112.14,-3.58,False
2026-03-09T23:36:40.312868,7c6bc0,Unknown,4.0453,101.2726,11277.6,251.99,146.83,0,False
2026-03-09T23:38:41.439152,7c6bc0,JST28,3.7749,101.447,11277.6,251.86,147.09,0.33,False
2026-03-09T23:44:47.037807,750229,FFM2955,3.7227,100.9784,7924.8,218.01,329.2,0,False
2026-03-09T23:44:47.037807,7502da,MXD185,3.8362,101.3563,8793.48,224.86,144.31,-5.2,False
2026-03-09T23:46:48.014814,750229,FFM2955,3.9395,100.8501,7924.8,203.45,329.28,-0.33,False
2026-03-09T23:48:48.985675,750229,FFM2955,4.042,100.7895,7924.8,198.6,329.32,0.33,False
2026-03-09T23:48:48.985675,750210,Unknown,3.9518,100.8328,5486.4,146.09,341.31,0,False
2026-03-09T23:50:50.008429,750229,FFM2955,4.042,100.7895,7924.8,198.6,329.32,0.33,False
2026-03-09T23:50:50.008429,750210,Unknown,3.9518,100.8328,5486.4,146.09,341.31,0,False
2026-03-09T23:50:50.008429,394a0a,AFR257,3.8358,101.5487,9144,259.23,331.3,0.33,False
2026-03-09T23:52:51.080766,750229,FFM2955,4.042,100.7895,7924.8,198.6,329.32,0.33,False
2026-03-09T23:52:51.080766,750210,Unknown,3.9518,100.8328,5486.4,146.09,341.31,0,False
2026-03-09T23:52:51.080766,394a0a,AFR257,3.8358,101.5487,9144,259.23,331.3,0.33,False
2026-03-09T23:54:52.175999,394a0a,AFR257,3.8358,101.5487,9144,259.23,331.3,0.33,False
2026-03-09T23:54:52.175999,801552,AIC2383,3.9465,101.5528,10363.2,238.52,330.12,0,False
2026-03-09T23:56:53.208947,801552,AIC2383,4.1662,101.4273,10363.2,240.37,330.09,0,False
2026-03-09T23:58:54.145381,801552,AIC2383,4.2567,101.3757,10363.2,240.82,330.15,0,False
2026-03-10T00:00:55.131197,406591,BAW16,3.74,101.0313,9144,257.93,4.23,0,False
2026-03-10T00:00:55.131197,801552,AIC2383,4.2567,101.3757,10363.2,240.82,330.15,0,False
2026-03-10T00:02:56.073526,406591,BAW16,3.7793,101.0342,9144,257.45,4.35,0,False
2026-03-10T00:02:56.073526,801552,AIC2383,4.2567,101.3757,10363.2,240.82,330.15,0,False
2026-03-10T00:04:57.067968,406591,BAW16,3.7793,101.0342,9144,257.45,4.35,0,False
2026-03-10T00:06:58.092849,406f74,BAW34,3.8234,100.9135,5775.96,232.13,335.93,13,False
2026-03-10T00:08:59.075371,406f74,BAW34,3.9924,100.8384,6057.9,244.09,335.87,4.23,False
2026-03-10T00:10:59.991458,406f74,BAW34,3.9924,100.8384,6057.9,244.09,335.87,4.23,False
2026-03-10T00:13:01.169126,406f74,BAW34,3.9924,100.8384,6057.9,244.09,335.87,4.23,False
2026-03-10T00:24:44.961007,4bb0f4,THY39V,3.7033,101.4074,5760.72,212.67,4.72,2.28,False
2026-03-10T00:24:44.961007,407994,BAW12,3.7774,101.034,9144,258,4.46,-0.33,False
2026-03-10T00:24:44.961007,75044b,MAS20,4.0844,100.7487,6918.96,235.55,331.14,5.85,False
2026-03-10T00:26:45.879649,4bb0f4,THY39V,3.7033,101.4074,5760.72,212.67,4.72,2.28,False
2026-03-10T00:26:45.879649,75044b,MAS20,4.0844,100.7487,6918.96,235.55,331.14,5.85,False
2026-03-10T00:28:46.968059,485785,KLM810,3.7,101.4071,5448.3,222.46,4.64,7.15,False
2026-03-10T00:30:47.997274,485785,KLM810,3.7,101.4071,5448.3,222.46,4.64,7.15,False
2026-03-10T00:32:48.928126,485785,KLM810,3.7,101.4071,5448.3,222.46,4.64,7.15,False
2026-03-10T00:40:52.857215,7c492a,QFA1,3.7749,101.4493,8930.64,254.69,335.92,2.28,False
2026-03-10T00:42:53.843257,7c492a,QFA1,3.7749,101.4493,8930.64,254.69,335.92,2.28,False
2026-03-10T00:44:54.793074,7c492a,QFA1,3.7749,101.4493,8930.64,254.69,335.92,2.28,False
2026-03-10T00:44:54.793074,7502d5,MXD8196,3.7208,101.4088,7231.38,213.7,4.69,8.78,False
2026-03-10T00:46:55.809235,7502d5,MXD8196,3.7208,101.4088,7231.38,213.7,4.69,8.78,False
2026-03-10T00:48:56.803069,3c4ad5,DLH781,3.8175,101.4421,9136.38,260.25,322.07,-0.33,False
2026-03-10T00:50:57.738877,3c4ad5,DLH781,3.8175,101.4421,9136.38,260.25,322.07,-0.33,False
2026-03-10T00:52:58.852031,3c4ad5,DLH781,3.8175,101.4421,9136.38,260.25,322.07,-0.33,False
2026-03-10T00:52:58.852031,76cd41,SIA356,3.7886,101.4431,9966.96,260.91,335.91,2.93,False
2026-03-10T00:55:00.103584,76cd41,SIA356,3.9618,101.3661,10332.72,255.63,336.01,5.2,False
2026-03-10T00:57:01.043094,76cd41,SIA356,3.9618,101.3661,10332.72,255.63,336.01,5.2,False
2026-03-10T00:59:03.012361,76cefa,SIA26,3.745,101.4628,9144,260.23,335.97,0,False
2026-03-10T01:01:04.231300,76cefa,SIA26,3.7812,101.4466,9144,259.97,335.82,0,False
2026-03-10T01:03:05.322717,76cefa,SIA26,3.7812,101.4466,9144,259.97,335.82,0,False
2026-03-10T01:07:07.241862,800737,AIC309,4.1436,101.5914,12184.38,248.9,308.62,-0.33,False
2026-03-10T01:09:08.171240,800737,AIC309,4.319,101.3729,12192,249.95,308.73,-0.33,False
2026-03-10T01:11:09.102285,800737,AIC309,4.3271,101.3628,12184.38,249.95,308.73,-0.33,False
2026-03-10T01:13:10.094117,800737,AIC309,4.3271,101.3628,12184.38,249.95,308.73,-0.33,False
2026-03-10T01:25:15.826513,4b191d,SWR177,3.7681,101.4524,9144,259.08,335.98,0,False
2026-03-10T01:27:16.800958,4b191d,SWR177,3.7681,101.4524,9144,259.08,335.98,0,False
2026-03-10T01:29:17.735444,4b191d,SWR177,3.7681,101.4524,9144,259.08,335.98,0,False
2026-03-10T01:59:33.692185,4d0112,CLX9521,4.0356,100.744,8633.46,233.9,118.65,-6.18,False
2026-03-10T02:01:34.632336,4d0112,CLX9521,3.9704,100.8632,8214.36,230.91,118.62,-7.15,False
2026-03-10T02:03:35.562098,4d0112,CLX9521,3.9704,100.8632,8214.36,230.91,118.62,-7.15,False
2026-03-10T02:05:36.923769,4d0112,CLX9521,3.9704,100.8632,8214.36,230.91,118.62,-7.15,False
2026-03-10T02:11:40.413278,8005f1,AIC301,4.4875,101.3947,12184.38,248.32,304.88,0,False
2026-03-10T02:13:41.551754,8005f1,AIC301,4.4875,101.3947,12184.38,248.32,304.88,0,False
2026-03-10T02:15:42.574181,76bccb,TGW51,3.8919,100.8982,11879.58,254.01,145.31,0.33,False
2026-03-10T02:25:48.764691,76cef6,SIA346,3.7843,101.4451,9144,259.08,335.98,0,False
2026-03-10T02:27:49.924392,76cef6,SIA346,3.7843,101.4451,9144,259.08,335.98,0,False
2026-03-10T02:29:50.963710,76cef6,SIA346,3.7843,101.4451,9144,259.08,335.98,0,False
2026-03-10T02:31:52.019463,484cba,KLM836,3.7246,101.4718,9151.62,258.14,335.89,0,False
2026-03-10T02:33:53.031228,484cba,KLM836,3.7711,101.4511,9144,258.61,335.93,0,False
2026-03-10T11:54:27.729131,801744,IGO1022,3.7114,100.7277,10972.8,231.86,303.23,0,False
2026-03-10T11:56:28.876641,801744,IGO1022,3.7114,100.7277,10972.8,231.86,303.23,0,False
2026-03-10T11:58:30.205160,801744,IGO1022,3.7114,100.7277,10972.8,231.86,303.23,0,False
2026-03-10T11:58:30.205160,76ceeb,SIA326,3.779,101.4477,9144,260.44,335.87,0,False
2026-03-10T12:00:31.551699,76ceeb,SIA326,3.779,101.4477,9144,260.44,335.87,0,False
2026-03-10T12:02:32.906880,76ceeb,SIA326,3.779,101.4477,9144,260.44,335.87,0,False
2026-03-10T21:07:21.181802,76cd08,SIA510,3.728,100.6592,12192,244.48,308.68,0.33,False
2026-03-10T21:07:21.181802,750492,AXM827,4.4696,100.304,10538.46,221.84,165.77,-4.88,False
2026-03-10T21:09:22.518921,76cd08,SIA510,3.8247,100.5388,12192,244.88,308.6,0.65,False
2026-03-10T21:09:22.518921,750492,AXM827,4.4696,100.304,10538.46,221.84,165.77,-4.88,False
2026-03-10T21:11:23.877925,76cd08,SIA510,3.8247,100.5388,12192,244.88,308.6,0.65,False
2026-03-10T21:11:23.877925,750492,AXM827,4.4696,100.304,10538.46,230.83,165.81,-4.88,False
2026-03-10T21:13:25.473406,76cd08,SIA510,3.8247,100.5388,12192,244.88,308.6,0.65,False
2026-03-10T21:13:25.473406,750492,AXM827,4.4696,100.304,10538.46,230.83,165.81,-4.88,False
2026-03-10T21:15:26.878804,76cd10,SIA522,3.8263,100.4555,11582.4,247.89,305.97,0.33,False
2026-03-10T21:17:28.199842,76cd10,SIA522,3.8461,100.4283,11582.4,247.59,305.87,0,False
2026-03-10T21:17:28.199842,7502b3,AXM1730,3.8188,100.9131,10287,236.55,330.7,-5.53,False
2026-03-10T21:19:29.349022,76cd10,SIA522,3.8461,100.4283,11582.4,247.59,305.87,0,False
2026-03-10T21:19:29.349022,7502b3,AXM1730,4.0775,100.7617,8717.28,238.22,329.5,-21.13,False
2026-03-10T21:21:30.633015,7502b3,AXM1730,4.0854,100.7571,8633.46,238.66,329.57,-21.13,False
2026-03-10T21:23:31.882171,7502b3,AXM1730,4.0854,100.7571,8633.46,238.66,329.57,-21.13,False
2026-03-10T21:31:36.633340,76cc71,SIA528,3.7924,100.5024,11582.4,247.59,305.87,0,False
2026-03-10T21:33:38.456662,76cc71,SIA528,3.8235,100.4596,11574.78,247.47,306.04,0.33,False
2026-03-10T21:35:39.806892,76cc71,SIA528,3.8235,100.4596,11574.78,247.47,306.04,0.33,False
2026-03-10T21:39:42.424828,801729,IGO1038,3.7148,100.6088,8305.8,227.73,305.81,4.23,False
2026-03-10T21:39:42.424828,76b444,SIA516,3.8538,101.5137,10363.2,238.67,331.83,0,False
2026-03-10T21:39:42.424828,885103,THA418,3.7222,101.4088,6979.92,224.47,4.47,5.85,False
2026-03-10T21:41:43.949947,801729,IGO1038,3.8249,100.4574,8724.9,227.73,305.81,4.23,False
2026-03-10T21:41:43.949947,76b444,SIA516,3.8538,101.5137,10363.2,238.67,331.83,0,False
2026-03-10T21:41:43.949947,885103,THA418,3.7222,101.4088,6979.92,224.47,4.47,5.85,False
2026-03-10T21:43:45.287284,801729,IGO1038,3.8249,100.4574,8724.9,227.73,305.81,4.23,False
2026-03-10T21:43:45.287284,76b444,SIA516,3.8538,101.5137,10363.2,238.67,331.83,0,False
2026-03-10T21:43:45.287284,885103,THA418,3.7222,101.4088,6979.92,224.47,4.47,5.85,False
2026-03-10T21:49:49.054700,7503be,AXM69,3.7486,100.5629,7924.8,224.74,305.87,3.9,False
2026-03-10T21:51:50.381171,7503be,AXM69,3.7486,100.5629,7924.8,226.9,305.96,4.23,False
2026-03-10T21:53:51.833835,8960e7,UAE5JM,3.9253,100.8968,9547.86,234.99,114.99,-7.8,False
2026-03-10T21:53:51.833835,7503be,AXM69,3.7486,100.5629,7924.8,226.9,305.96,4.23,False
2026-03-10T21:53:51.833835,8013ed,AIC2116,3.9846,101.5699,10363.2,238.04,329.33,0,False
2026-03-10T21:55:53.148066,8960e7,UAE5JM,3.9253,100.8968,9547.86,234.99,114.99,-7.8,False
2026-03-10T21:55:53.148066,8013ed,AIC2116,4.1917,101.4485,10363.2,237.07,329.48,0.33,False
2026-03-10T21:57:54.472815,8960e7,UAE5JM,3.9253,100.8968,9547.86,234.99,114.99,-7.8,False
2026-03-10T21:57:54.472815,8013ed,AIC2116,4.3161,101.3754,10355.58,237.07,329.48,0,False
2026-03-10T21:59:55.804288,8013ed,AIC2116,4.3161,101.3754,10355.58,237.07,329.48,0,False
2026-03-10T22:01:57.040449,8013ed,AIC2116,4.3161,101.3754,10355.58,237.07,329.48,0,False
2026-03-10T22:08:01.153592,7502b1,MAS184,3.7769,101.0277,7993.38,218.64,341.48,7.48,False
2026-03-10T22:10:02.460684,7502b1,MAS184,3.7769,101.0277,7993.38,218.64,341.48,7.48,False
2026-03-10T22:12:03.758829,7502b1,MAS184,3.7769,101.0277,7993.38,218.64,341.48,7.48,False
2026-03-10T22:14:04.937142,75002c,AXM6132,4.1115,100.6664,6477,189.58,332.88,-4.88,False
2026-03-10T22:16:06.272766,75002c,AXM6132,4.2474,100.5968,6042.66,181.53,332.85,-4.88,False
2026-03-10T22:18:07.589356,75002c,AXM6132,4.2474,100.5968,6042.66,181.53,332.85,-4.88,False
2026-03-10T22:38:49.751204,750517,AXM6128,3.7406,100.947,6339.84,218.48,330.05,-4.88,False
2026-03-10T22:40:51.200997,7503bf,AXM13,3.7202,100.4144,8267.7,220.54,311.31,6.83,False
2026-03-10T22:40:51.200997,750517,AXM6128,3.9805,100.8138,5638.8,208.26,334.7,-4.55,False
2026-03-10T22:42:52.780009,7503bf,AXM13,3.7202,100.4144,8267.7,220.54,311.31,6.83,False
2026-03-10T22:42:52.780009,750517,AXM6128,4.0432,100.7843,5455.92,213.79,334.79,-5.53,False
2026-03-10T22:44:54.554684,7503bf,AXM13,3.7202,100.4144,8267.7,220.54,311.31,6.83,False
2026-03-10T22:44:54.554684,750517,AXM6128,4.0432,100.7843,5455.92,213.79,334.79,-5.53,False
2026-03-10T23:01:05.906451,75020a,MAS796,4.0149,101.2763,7886.7,206.6,356.86,9.43,False
2026-03-10T23:03:07.208567,75020a,MAS796,4.0149,101.2763,7886.7,206.6,356.86,9.43,False
2026-03-10T23:09:11.135817,750400,MXD2106,3.8423,100.9687,7924.8,213.06,327.42,0.33,False
2026-03-10T23:11:12.399106,750400,MXD2106,3.862,100.9562,7924.8,212.63,327.35,-0.33,False
2026-03-10T23:13:16.703262,750400,MXD2106,3.862,100.9562,7924.8,212.63,327.35,-0.33,False
2026-03-10T23:17:19.005642,76b451,Unknown,3.7321,101.2916,10058.4,243.4,144.46,0,False
2026-03-10T23:45:38.031571,750211,MAS1194,3.8478,100.8954,7315.2,209.45,329.28,0,False
2026-03-10T23:45:38.031571,801552,AIC2383,3.7762,101.5964,10363.2,236.78,327.69,0.33,False
2026-03-10T23:47:39.362465,750211,MAS1194,4.0494,100.7774,7086.6,202.75,329.34,-5.85,False
2026-03-10T23:47:39.362465,801552,AIC2383,3.9612,101.48,10363.2,236.34,327.62,-0.33,False
2026-03-10T23:49:40.701165,750211,MAS1194,4.0541,100.7746,7063.74,201.6,329.31,-5.85,False
2026-03-10T23:49:40.701165,801552,AIC2383,4.1376,101.3777,10363.2,238.05,331.33,0,False
2026-03-10T23:51:42.034595,750211,MAS1194,4.0541,100.7746,7063.74,201.6,329.31,-5.85,False
2026-03-10T23:51:42.034595,801552,AIC2383,4.1376,101.3777,10363.2,238.05,331.33,0,False
2026-03-11T00:26:37.051155,485788,KLM810,3.8208,100.9148,6217.92,236.72,335.89,5.53,False
2026-03-11T00:28:38.377022,485788,KLM810,3.9912,100.8388,6682.74,243.41,335.93,5.53,False
2026-03-11T00:28:38.377022,76cd71,SIA322,3.8306,101.4392,9616.44,257.21,324.69,1.3,False
2026-03-11T00:30:39.439972,485788,KLM810,3.9912,100.8388,6682.74,243.41,335.93,5.53,False
2026-03-11T00:30:39.439972,76cd71,SIA322,3.8306,101.4392,9616.44,257.21,324.69,1.3,False
2026-03-11T00:32:41.262851,485788,KLM810,3.9912,100.8388,6682.74,243.41,335.93,5.53,False
2026-03-11T00:32:41.262851,76cd71,SIA322,3.8306,101.4392,9616.44,257.21,324.69,1.3,False
2026-03-11T00:41:01.340006,7c492b,QFA1,3.7766,101.4488,8747.76,255.16,335.97,1.63,False
2026-03-11T00:43:02.749963,7c492b,QFA1,3.7766,101.4488,8747.76,255.16,335.97,1.63,False
2026-03-11T00:47:05.146629,76cdab,SIA378,3.7302,101.4693,10264.14,255.37,335.86,3.25,False
2026-03-11T00:49:07.036469,76cdab,SIA378,3.972,101.3617,10363.2,255.16,335.97,0.33,False
2026-03-11T00:49:07.036469,76cef1,SIA26,3.7282,101.4706,9144,254.22,335.87,0,False
2026-03-11T00:51:08.218682,3c4a8c,DLH781,3.7365,101.4978,8519.16,254.55,323.55,0,False
2026-03-11T00:51:08.218682,76cdab,SIA378,3.976,101.3599,10363.2,255.37,335.86,0,False
2026-03-11T00:51:08.218682,76cef1,SIA26,3.7799,101.4474,9144,254.9,335.81,0,False
2026-03-11T00:53:09.247055,3c4a8c,DLH781,3.8064,101.4465,8519.16,254.55,323.55,0,False
2026-03-11T00:53:09.247055,76cdab,SIA378,3.976,101.3599,10363.2,255.37,335.86,0,False
2026-03-11T00:53:09.247055,76cef1,SIA26,3.7799,101.4474,9144,254.9,335.81,0,False
2026-03-11T00:55:10.284115,3c4a8c,DLH781,3.8064,101.4465,8519.16,254.55,323.55,0,False
2026-03-11T01:05:15.405894,3c670e,DLH769,3.7928,101.1624,10363.2,249.91,315.42,0,False
2026-03-11T01:05:15.405894,394a15,AFR257,3.7731,101.4503,9144,254.69,335.92,0,False
2026-03-11T01:07:16.578988,3c670e,DLH769,3.7928,101.1624,10363.2,249.91,315.42,0,False
2026-03-11T01:07:16.578988,394a15,AFR257,3.7731,101.4503,9144,254.69,335.92,0,False
2026-03-11T01:09:17.637536,394a15,AFR257,3.7731,101.4503,9144,254.69,335.92,0,False
2026-03-11T01:19:42.792759,76cdb6,SIA312,4.2182,101.5183,9890.76,253,308.48,1.3,False
2026-03-11T01:19:42.792759,4b1917,SWR177,3.8209,101.4377,9144,254.86,325.44,0,False
2026-03-11T01:21:43.831816,76cdb6,SIA312,4.2182,101.5183,9890.76,253,308.48,1.3,False
2026-03-11T01:21:43.831816,4b1917,SWR177,3.8209,101.4377,9144,254.86,325.44,0,False
2026-03-11T10:53:48.520787,80149a,IGO1016,4.3953,101.466,10972.8,227.81,323.73,0,False
2026-03-11T10:55:49.934195,75029c,AXM6142,3.8242,100.9137,7315.2,227.06,335.93,0,False
2026-03-11T10:57:51.076595,75029c,AXM6142,3.9674,100.8499,7315.2,229.36,335.91,-0.33,False
2026-03-11T10:59:52.742566,75029c,AXM6142,3.9674,100.8499,7315.2,229.36,335.91,-0.33,False
2026-03-11T11:01:54.086784,75029c,AXM6142,3.9674,100.8499,7315.2,229.36,335.91,-0.33,False
2026-03-11T11:01:54.086784,7504f4,AXM6118,3.8093,100.92,7924.8,198.96,335.89,0,False
2026-03-11T11:03:55.515815,7504f4,AXM6118,3.9645,100.851,7924.8,201.26,335.86,0,False
2026-03-11T11:05:56.753464,7504f4,AXM6118,3.9645,100.851,7924.8,201.26,335.86,0,False
2026-03-11T11:07:58.006430,7504f4,AXM6118,3.9645,100.851,7924.8,201.26,335.86,0,False
2026-03-11T11:20:05.856272,80047c,Unknown,3.7139,100.6996,10050.78,248.19,118.74,0,False
2026-03-11T11:20:05.856272,75027b,MAS1140,3.7467,100.9477,7315.2,210.92,335.81,0,False
2026-03-11T11:22:07.099122,75027b,MAS1140,3.9656,100.8503,7315.2,210.71,335.94,0,False
2026-03-11T11:24:08.639713,75027b,MAS1140,3.9656,100.8503,7315.2,210.71,335.94,0,False
2026-03-11T11:26:13.788983,75027b,MAS1140,3.9656,100.8503,7315.2,210.71,335.94,0,False
2026-03-11T11:34:19.462222,750470,AXM6320,3.7976,100.9257,8915.4,224.97,335.84,5.2,False
2026-03-11T11:36:21.020038,750470,AXM6320,3.9586,100.8645,9144,209.15,346.92,0.65,False
2026-03-11T11:38:22.897155,750470,AXM6320,3.9586,100.8645,9144,209.15,346.92,0.65,False
2026-03-11T11:40:24.046205,750470,AXM6320,3.9586,100.8645,9144,209.15,346.92,0.65,False
2026-03-11T11:40:24.046205,750436,AXM733,3.8914,100.9209,10965.18,222.81,347.6,0,False
2026-03-11T11:42:25.384821,750436,AXM733,3.9178,100.9152,10965.18,222.81,347.6,-0.33,False
2026-03-11T11:44:26.594943,750436,AXM733,3.9178,100.9152,10965.18,222.81,347.6,-0.33,False
2026-03-11T11:46:27.941903,80143a,AIC2106,3.7578,100.598,10363.2,225.61,304.6,0,False
2026-03-11T11:48:29.270601,76d103,TGW682,3.8282,101.5833,11582.4,226.7,336.46,0,False
2026-03-11T11:48:29.270601,80143a,AIC2106,3.7578,100.598,10363.2,225.61,304.6,0,False
2026-03-11T11:50:30.573412,76d103,TGW682,4.0546,101.4849,11582.4,226.23,336.41,0.33,False
2026-03-11T11:50:30.573412,76d1c9,TGW484,3.9413,100.861,3429,186.53,335.91,-7.48,False
2026-03-11T11:50:30.573412,76cee7,SIA326,3.7811,101.4466,9144,258.14,335.89,0,False
2026-03-11T11:50:30.573412,80143a,AIC2106,3.7578,100.598,10363.2,225.61,304.6,0,False
2026-03-11T11:52:32.177945,76d103,TGW682,4.1625,101.438,11582.4,226.7,336.46,-0.33,False
2026-03-11T11:52:32.177945,76d1c9,TGW484,3.9413,100.861,3429,186.53,335.91,-7.48,False
2026-03-11T11:52:32.177945,76cee7,SIA326,3.7811,101.4466,9144,258.14,335.89,0,False
2026-03-11T11:54:33.432262,76d103,TGW682,4.1625,101.438,11582.4,226.7,336.46,-0.33,False
2026-03-11T11:54:33.432262,76d1c9,TGW484,3.9413,100.861,3429,186.53,335.91,-7.48,False
2026-03-11T11:54:33.432262,76cee7,SIA326,3.7811,101.4466,9144,258.14,335.89,0,False
2026-03-11T11:56:34.776202,76d103,TGW682,4.1625,101.438,11582.4,226.7,336.46,-0.33,False
2026-03-11T11:58:36.103225,8017a0,IGO1022,3.7944,100.4997,10980.42,225.46,305.9,-0.33,False
2026-03-11T11:58:36.103225,800737,AIC308,3.8058,101.5051,11269.98,259.14,148.39,-0.33,False
2026-03-11T13:05:46.182114,4bb152,THY6213,3.7752,101.4492,9144,256.05,335.8,0,False
2026-03-11T13:05:46.182114,7504d0,AXM5433,4.0154,100.8285,8900.16,236.05,335.95,-15.93,False
2026-03-11T13:07:47.840921,76b86d,TGW679,3.7391,101.5592,11277.6,242.92,143.18,0,False
2026-03-11T13:07:47.840921,4bb152,THY6213,3.7752,101.4492,9144,256.05,335.8,0,False
2026-03-11T13:07:47.840921,750543,XAX600,3.8329,100.9095,6987.54,213.01,335.91,4.88,False
2026-03-11T13:07:47.840921,7504d0,AXM5433,4.0154,100.8285,8900.16,236.05,335.95,-15.93,False
2026-03-11T13:09:49.186906,4bb152,THY6213,3.7752,101.4492,9144,256.05,335.8,0,False
2026-03-11T13:09:49.186906,750543,XAX600,3.9668,100.8499,7239,224.97,335.84,4.88,False
2026-03-11T13:11:50.536088,750470,Unknown,3.8845,100.5689,8229.6,223.16,157.93,0,False
2026-03-11T13:11:50.536088,750543,XAX600,3.9668,100.8499,7239,224.97,335.84,4.88,False
2026-03-11T13:13:51.882908,750543,XAX600,3.9668,100.8499,7239,224.97,335.84,4.88,False
2026-03-11T13:17:54.482326,750436,AXM732,3.7398,101.3093,11277.6,237.36,144.79,0.33,False
2026-03-11T13:19:55.724348,7502b3,AXM1572,3.7488,100.9479,10005.06,233.09,332.53,-5.2,False
2026-03-11T13:21:56.939042,7502b3,AXM1572,3.986,100.8415,8138.16,241.11,335.95,-17.88,False
2026-03-11T13:23:58.145579,7502b3,AXM1572,3.9917,100.8389,8100.06,240.64,335.9,-17.23,False
2026-03-11T14:16:06.376569,75045d,AXM868,3.7061,101.0558,7719.06,225.24,345.04,11.38,False
2026-03-11T14:18:07.304232,76d103,TGW683,4.0438,101.5001,11277.6,237.43,153.21,-0.33,False
2026-03-11T14:18:07.304232,75045d,AXM868,3.7773,101.0454,7970.52,230.8,356.93,5.85,False
2026-03-11T14:20:08.385030,75045d,AXM868,3.7773,101.0454,7970.52,230.8,356.93,5.85,False
2026-03-11T14:20:08.385030,750518,AXM884,3.7782,101.0411,7962.9,217.88,357.16,6.18,False
2026-03-11T14:22:09.508915,750518,AXM884,3.7782,101.0411,7962.9,217.88,357.16,6.18,False
2026-03-11T14:24:10.815738,80047c,AIC349,3.7641,100.5418,10363.2,226.6,305.86,0,False
2026-03-11T14:24:10.815738,750518,AXM884,3.7782,101.0411,7962.9,217.88,357.16,6.18,False
2026-03-11T14:26:11.862027,80047c,AIC349,3.838,100.4404,10363.2,225.88,305.83,-0.33,False
2026-03-11T14:28:12.927044,80047c,AIC349,3.838,100.4404,10363.2,225.88,305.83,-0.33,False
2026-03-11T14:30:13.999144,80047c,AIC349,3.838,100.4404,10363.2,225.88,305.83,-0.33,False
2026-03-11T14:32:14.987428,8a09f6,MMA508,3.7974,101.0163,7810.5,206.64,336.37,6.18,False
2026-03-11T14:32:14.987428,750517,AXM1722,3.727,100.915,9745.98,236.25,331.09,-3.25,False
2026-03-11T14:34:15.986560,8a09f6,MMA508,3.7974,101.0163,7810.5,206.64,336.37,6.18,False
2026-03-11T14:34:15.986560,750517,AXM1722,3.9173,100.8102,9243.06,228.4,331.18,-5.2,False
2026-03-11T14:36:17.054648,8a03f4,AWQ220,3.7361,100.8243,9502.14,227.36,351.41,-12.68,False
2026-03-11T14:36:17.054648,750517,AXM1722,4.1639,100.6751,7574.28,222.66,331.13,-13.98,False
2026-03-11T14:38:17.998479,8a03f4,AWQ220,4.0993,100.7261,7520.94,198.32,330.64,-10.73,False
2026-03-11T14:38:17.998479,750517,AXM1722,4.182,100.6651,7429.5,222.66,331.13,-13.98,False
2026-03-11T14:40:18.950802,8a03f4,AWQ220,4.1634,100.6901,6911.34,199.47,330.66,-18.21,False
2026-03-11T14:40:18.950802,750517,AXM1722,4.182,100.6651,7429.5,222.66,331.13,-13.98,False
2026-03-11T14:42:19.939183,8a03f4,AWQ220,4.1634,100.6901,6911.34,199.47,330.66,-18.21,False
2026-03-11T14:44:20.869336,750229,Unknown,4.3702,100.452,5867.4,167.51,3.52,-7.48,False
2026-03-11T14:44:20.869336,7504eb,AXM5323,3.7082,100.9791,9799.32,213.67,312.95,-13.66,False
2026-03-11T14:46:21.819212,750229,Unknown,4.3702,100.452,5867.4,167.51,3.52,-7.48,False
2026-03-11T14:46:21.819212,7504eb,AXM5323,3.9034,100.8785,8328.66,217.14,335.8,-11.7,False
2026-03-11T14:48:22.745690,7504eb,AXM5323,4.0004,100.8352,7688.58,212.54,335.85,-11.7,False
2026-03-11T14:50:23.697688,7504eb,AXM5323,4.0004,100.8352,7688.58,212.54,335.85,-11.7,False
2026-03-11T15:20:39.905114,4851f6,KLM835,4.1921,101.4591,10668,262.12,146.93,0,False
2026-03-11T15:40:50.941726,750410,AXM856,3.7002,101.1037,8915.4,223.67,321.44,4.88,False
2026-03-11T15:42:52.265441,750410,AXM856,3.7659,101.0514,9098.28,226.25,321.46,4.88,False
2026-03-11T15:44:53.402225,750410,AXM856,3.7659,101.0514,9098.28,226.25,321.46,4.88,False
2026-03-11T15:46:54.559812,75002c,AXM6126,3.8154,100.9173,6705.6,191.12,335.85,0.33,False
2026-03-11T15:46:54.559812,750410,AXM856,3.7659,101.0514,9098.28,226.25,321.46,4.88,False
2026-03-11T15:48:55.586401,75002c,AXM6126,3.9597,100.8531,6705.6,190.45,335.93,0,False
2026-03-11T15:48:55.586401,7503ab,MAS782,3.8043,100.9629,7955.28,231.58,346.12,5.85,False
2026-03-11T15:50:56.541626,75002c,AXM6126,3.9597,100.8531,6705.6,190.45,335.93,0,False
2026-03-11T15:50:56.541626,7503ab,MAS782,3.8671,100.9476,8145.78,232.08,346.15,5.2,False
2026-03-11T15:52:57.898761,75002c,AXM6126,3.9597,100.8531,6705.6,190.45,335.93,0,False
2026-03-11T15:52:57.898761,7503ab,MAS782,3.8671,100.9476,8145.78,232.08,346.15,5.2,False
2026-03-11T16:09:07.081254,76b449,SIA138,3.7547,100.9442,10081.26,227.69,335.58,-7.8,False
2026-03-11T16:11:08.244285,76b449,SIA138,3.9879,100.8405,9486.9,233.49,335.81,-4.88,False
2026-03-11T22:49:02.566004,75047d,AXM826,3.8958,101.3512,8275.32,219.28,334.28,4.88,False
2026-03-11T22:51:04.219256,75047d,AXM826,3.9989,101.302,8564.88,224.98,345.3,4.55,False
2026-03-11T22:53:06.126484,76d1c9,TGW499,3.7975,101.4752,10668,244.66,149.55,0,False
2026-03-11T22:53:06.126484,75047d,AXM826,3.9989,101.302,8564.88,224.98,345.3,4.55,False
2026-03-11T22:53:06.126484,76bd4a,TGW652,4.3011,101.4883,12184.38,252.69,312.52,-0.65,False
2026-03-11T22:55:07.931533,75047d,AXM826,3.9989,101.302,8564.88,224.98,345.3,4.55,False
2026-03-11T22:55:07.931533,76bd4a,TGW652,4.3433,101.4423,12184.38,249.82,312.33,0,False
2026-03-11T22:57:09.773492,76bd4a,TGW652,4.3433,101.4423,12184.38,249.82,312.33,0,False
2026-03-11T22:59:11.863352,76bd4a,TGW652,4.3433,101.4423,12184.38,249.82,312.33,0,False
2026-03-11T23:07:21.337154,8007b0,IGO1004,3.7486,100.5633,10370.82,229.89,305.9,0,False
2026-03-11T23:09:23.570226,8007b0,IGO1004,3.7486,100.5633,10370.82,229.89,305.9,0,False
2026-03-11T23:11:25.532330,8007b0,IGO1004,3.7486,100.5633,10370.82,229.89,305.9,0,False
2026-03-11T23:15:31.514519,7502b3,AXM6128,3.7114,100.9416,7315.2,206.46,326.07,0.65,False
2026-03-11T23:17:32.506248,7502b3,AXM6128,3.8936,100.8197,7315.2,207.18,326.03,0,False
2026-03-11T23:19:33.787713,7502b3,AXM6128,4.0794,100.6965,7277.1,192.62,326.44,-5.2,False
2026-03-11T23:21:34.920807,7502b3,AXM6128,4.2529,100.5814,5935.98,190.77,326.44,-10.08,False
2026-03-11T23:23:35.957759,7502b3,AXM6128,4.2814,100.5625,5760.72,186.49,326.13,-10.08,False
2026-03-11T23:25:37.005114,7502b3,AXM6128,4.2814,100.5625,5760.72,186.49,326.13,-10.08,False
2026-03-11T23:50:12.169333,750210,MAS1194,3.8233,100.9135,6096,201.18,324.16,0,False
2026-03-11T23:50:12.169333,7c806e,QFA209,3.8009,101.4378,10363.2,247.54,335.83,-0.33,False
2026-03-11T23:52:13.130018,750210,MAS1194,3.9491,100.8576,6096,201.52,336.05,0,False
2026-03-11T23:54:14.045189,750210,MAS1194,3.9491,100.8576,6096,201.52,336.05,0,False
2026-03-11T23:56:14.973576,3965af,AFR257,3.7388,101.5144,9144,258.88,317.5,0,False
2026-03-11T23:56:14.973576,750210,MAS1194,3.9491,100.8576,6096,201.52,336.05,0,False
2026-03-11T23:58:15.962732,3965af,AFR257,3.8222,101.4402,9144,259.21,322.17,0,False
2026-03-12T00:00:16.959750,3965af,AFR257,3.8222,101.4402,9144,259.21,322.17,0,False
2026-03-12T00:08:22.950561,40621d,BAW16,3.7802,101.0343,9144,262.15,4.5,0,False
2026-03-12T00:10:23.985345,40621d,BAW16,3.7802,101.0343,9144,262.15,4.5,0,False
2026-03-12T00:12:24.927220,40621d,BAW16,3.7802,101.0343,9144,262.15,4.5,0,False
2026-03-12T00:12:24.927220,8013d6,AIC2383,3.881,101.4026,10370.82,232.81,335.87,0.33,False
2026-03-12T00:14:25.890035,8013d6,AIC2383,4.0241,101.3389,10370.82,233.28,335.92,0,False
2026-03-12T00:16:26.899524,8013d6,AIC2383,4.0241,101.3389,10370.82,233.28,335.92,0,False
2026-03-12T00:18:27.918576,76cd76,SIA322,3.7561,101.458,8534.4,250.1,335.97,0,False
2026-03-12T00:18:27.918576,8013d6,AIC2383,4.0241,101.3389,10370.82,233.28,335.92,0,False
2026-03-12T00:20:28.865985,76cd76,SIA322,3.7561,101.458,8534.4,250.1,335.97,0,False
2026-03-12T00:22:29.874998,76cd76,SIA322,3.7561,101.458,8534.4,250.1,335.97,0,False
2026-03-12T00:26:31.827825,4bb106,THY39V,3.7046,101.4075,5524.5,216.26,4.64,4.88,False
2026-03-12T00:26:31.827825,75044a,MAS20,3.8644,100.8953,6827.52,212.54,335.85,4.55,False
2026-03-12T00:28:32.816707,4bb106,THY39V,3.7046,101.4075,5524.5,216.26,4.64,4.88,False
2026-03-12T00:28:32.816707,75044a,MAS20,3.9921,100.8386,7216.14,215.31,335.88,7.48,False
2026-03-12T00:30:33.822429,4bb106,THY39V,3.7046,101.4075,5524.5,216.26,4.64,4.88,False
2026-03-12T00:30:33.822429,75044a,MAS20,3.9921,100.8386,7216.14,215.31,335.88,7.48,False
2026-03-12T00:30:33.822429,40621b,BAW12,4.0069,101.5255,9144,254.66,322.55,0,False
2026-03-12T00:32:34.867528,48455f,KLM810,3.7121,101.4081,5806.44,224.51,4.6,8.45,False
2026-03-12T00:32:34.867528,75044a,MAS20,3.9921,100.8386,7216.14,215.31,335.88,7.48,False
2026-03-12T00:32:34.867528,40621b,BAW12,4.1079,101.4487,9144,254.66,322.55,0,False
2026-03-12T00:34:35.830108,48455f,KLM810,3.7121,101.4081,5806.44,224.51,4.6,8.45,False
2026-03-12T00:34:35.830108,40621b,BAW12,4.1079,101.4487,9144,254.66,322.55,0,False
2026-03-12T00:42:39.706603,7c4921,QFA1,3.8487,101.5577,9144,254.53,332.04,0,False
2026-03-12T00:44:40.896813,7c4921,QFA1,3.8487,101.5577,9144,254.53,332.04,0,False
2026-03-12T00:48:42.871884,76cd41,SIA378,3.9061,101.5772,9144,257.09,330.51,0,False
2026-03-12T00:50:43.846702,3c4ad5,DLH781,3.7427,101.4638,8534.4,249.63,335.92,0,False
2026-03-12T00:50:43.846702,76cd41,SIA378,4.0834,101.4772,9144,255.94,330.5,0,False
2026-03-12T00:52:44.807958,3c4ad5,DLH781,3.7538,101.4588,8534.4,249.63,335.92,0,False
2026-03-12T00:52:44.807958,76cd41,SIA378,4.0834,101.4772,9144,255.94,330.5,0,False
2026-03-12T00:54:45.808788,3c4ad5,DLH781,3.7538,101.4588,8534.4,249.63,335.92,0,False
2026-03-12T00:54:45.808788,76cd41,SIA378,4.0834,101.4772,9144,255.94,330.5,0,False
2026-03-12T00:58:47.733222,406f78,BAW34,3.8963,100.8731,6050.28,236.85,323.48,3.58,False
2026-03-12T01:00:48.731074,3c670d,DLH769,3.7941,101.4409,10363.2,253.54,335.93,0,False
2026-03-12T01:00:48.731074,406f78,BAW34,3.9911,100.79,6309.36,241.67,316.9,5.53,False
2026-03-12T01:02:49.743262,3c670d,DLH769,3.9743,101.3608,10363.2,253.54,335.93,0,False
2026-03-12T01:02:49.743262,406f78,BAW34,3.9911,100.79,6309.36,241.67,316.9,5.53,False
2026-03-12T01:04:50.753108,3c670d,DLH769,3.9743,101.3608,10363.2,253.54,335.93,0,False
2026-03-12T01:04:50.753108,406f78,BAW34,3.9911,100.79,6309.36,241.67,316.9,5.53,False
2026-03-12T01:06:51.726811,3c670d,DLH769,3.9743,101.3608,10363.2,253.54,335.93,0,False
2026-03-12T01:15:15.053760,76cda8,SIA312,4.0037,101.5198,10317.48,251.09,330.55,1.3,False
2026-03-12T01:17:16.007865,76cda8,Unknown,4.2414,101.3862,10363.2,251.79,330.5,0,False
2026-03-12T01:17:16.007865,76cef4,SIA336,3.7213,101.589,9144,257.73,329.8,0,False
2026-03-12T01:19:16.999579,76cda8,Unknown,4.2414,101.3862,10363.2,251.79,330.5,0,False
2026-03-12T01:19:16.999579,76cef4,SIA336,3.7982,101.5444,9144,256.58,329.78,0,False
2026-03-12T01:21:17.954845,76cda8,Unknown,4.2414,101.3862,10363.2,251.79,330.5,0,False
2026-03-12T01:21:17.954845,76cef4,SIA336,3.7982,101.5444,9144,256.58,329.78,0,False
2026-03-12T01:23:18.992466,76cdac,SIA304,4.047,101.5621,10637.52,251.99,328.35,4.55,False
2026-03-12T01:25:19.918469,76cdac,SIA304,4.2734,101.4235,10919.46,250.14,328.37,1.63,False
2026-03-12T16:03:38.764925,76d1ca,TGW477,3.739,101.0438,10050.78,244.56,157.75,0,False
2026-03-12T16:03:38.764925,7502b3,AXXM6126,3.973,100.8471,7315.2,195.51,335.93,0,False
2026-03-12T16:03:38.764925,7504f4,AXM6331,3.993,100.8383,8976.36,220.85,335.94,11.38,False
2026-03-12T16:05:39.932275,7502b3,AXXM6126,3.973,100.8471,7315.2,195.51,335.93,0,False
2026-03-12T16:07:41.265046,76b44b,SIA138,3.8079,100.9205,9806.94,235.11,335.85,-4.88,False
2026-03-12T16:09:42.719878,3c4acd,Unknown,3.8112,101.2094,11277.6,248.02,153.91,0,False
2026-03-12T16:09:42.719878,76b44b,SIA138,3.9874,100.8406,9342.12,230.09,336.13,-5.2,False
2026-03-12T16:11:44.068002,76b44b,SIA138,3.9874,100.8406,9342.12,230.09,336.13,-5.2,False
2026-03-12T16:13:45.198993,76b44b,SIA138,3.9874,100.8406,9342.12,230.09,336.13,-5.2,False
2026-03-12T16:19:48.420565,80141f,IGO1026,3.7629,100.7798,10363.2,236.44,307.22,0,False
2026-03-12T16:21:49.574288,80141f,IGO1026,3.8195,100.7056,10363.2,236.44,307.22,0,False
2026-03-12T16:23:50.983843,80141f,IGO1026,3.8195,100.7056,10363.2,236.44,307.22,0,False
2026-03-12T16:25:52.114110,80141f,IGO1026,3.8195,100.7056,10363.2,236.44,307.22,0,False
2026-03-12T16:29:54.352735,76d1cc,TGW486,3.7498,101.0355,5052.06,194.05,325.8,-10.08,False
2026-03-12T16:31:55.389773,76d1cc,TGW486,3.8513,100.9696,4328.16,184.47,338.23,-5.53,False
2026-03-12T16:31:55.389773,406f75,BAW33,3.725,101.4844,8549.64,232.75,148.56,-5.2,False
2026-03-12T16:33:56.706323,76d1cc,TGW486,3.8513,100.9696,4328.16,184.47,338.23,-5.53,False
2026-03-12T16:33:56.706323,750400,MXD528,3.7901,101.0208,7322.82,206.38,332.86,8.78,False
2026-03-12T16:35:57.834942,76d1cc,TGW486,3.8513,100.9696,4328.16,184.47,338.23,-5.53,False
2026-03-12T16:35:57.834942,75027b,MAS1152,3.8047,100.922,6705.6,207.94,335.91,0,False
2026-03-12T16:35:57.834942,750400,MXD528,3.8063,101.0126,7399.02,206.15,332.99,8.78,False
2026-03-12T16:37:58.925528,75027b,MAS1152,3.9737,100.8465,6705.6,207.47,335.85,0,False
2026-03-12T16:37:58.925528,750400,MXD528,3.8063,101.0126,7399.02,206.15,332.99,8.78,False
2026-03-12T16:39:59.990604,75027b,MAS1152,3.9737,100.8465,6705.6,207.47,335.85,0,False
2026-03-12T16:42:01.159527,75027b,MAS1152,3.9737,100.8465,6705.6,207.47,335.85,0,False
2026-03-12T16:44:03.537331,7501fd,Unknown,3.7061,100.5024,8145.78,222.73,146.02,-5.2,False
2026-03-12T16:44:03.537331,750441,AXM6316,3.9061,100.8769,7932.42,228.68,335.97,4.23,False
2026-03-12T16:46:04.699250,750441,AXM6316,3.9969,100.8365,8130.54,229.36,335.91,4.23,False
2026-03-12T16:48:05.857840,750441,AXM6316,3.9969,100.8365,8130.54,229.36,335.91,4.23,False
2026-03-12T16:52:08.124626,75029c,Unknown,3.8525,101.5309,10195.56,238.85,137.44,3.58,False
2026-03-12T16:58:11.486485,76b44e,SIA519,4.4581,100.3115,10668,242.19,148.64,0,False
2026-03-12T17:00:12.472895,76b44e,SIA519,4.3379,100.3841,10668,242.09,148.91,0,False
2026-03-12T17:02:13.959641,76d10a,TGW684,4.3419,101.5216,11582.4,238.59,332.94,0,False
2026-03-12T17:02:13.959641,76b44e,SIA519,4.3379,100.3841,10668,242.09,148.91,0,False
2026-03-12T17:04:15.240528,76d10a,TGW684,4.4339,101.4748,11582.4,238.59,332.94,0,False
2026-03-12T17:04:15.240528,76b44e,SIA519,3.7249,100.7569,10668,241.58,148.41,0,False
2026-03-12T17:06:16.707987,76d10a,TGW684,4.4339,101.4748,11582.4,238.59,332.94,0,False
2026-03-12T17:12:19.976439,7501e6,AXM820,3.7161,101.093,7802.88,206.32,340.48,11.05,False
2026-03-12T17:14:21.033149,7501e6,AXM820,3.7161,101.093,7802.88,206.32,340.48,11.05,False
2026-03-12T17:26:28.183180,750528,AXM6422,3.9558,100.856,7620,199.38,335.62,-13.98,False
2026-03-12T17:28:29.234662,750413,AXM860,3.7746,100.9242,8595.36,217.42,333.13,4.88,False
2026-03-12T17:28:29.234662,750528,AXM6422,3.9558,100.856,7620,199.38,335.62,-13.98,False
2026-03-12T17:30:30.382571,406948,BAW15,3.9097,100.893,10668,253.87,163.03,0,False
2026-03-12T17:30:30.382571,750413,AXM860,4.0289,100.7965,9197.34,238.59,332.94,4.23,False
2026-03-12T17:30:30.382571,750528,AXM6422,3.9558,100.856,7620,199.38,335.62,-13.98,False
2026-03-12T17:32:31.637869,750413,AXM860,4.0289,100.7965,9197.34,238.59,332.94,4.23,False
2026-03-12T17:34:32.787997,750413,AXM860,4.0289,100.7965,9197.34,238.59,332.94,4.23,False
2026-03-12T17:34:32.787997,76b445,SIA736,4.1613,101.5045,11582.4,241.28,316.64,0.33,False
2026-03-12T17:36:34.038581,76b445,SIA736,4.1613,101.5045,11582.4,241.28,316.64,0.33,False
2026-03-12T17:38:35.098293,88045a,Unknown,3.7761,100.3105,8816.34,196.53,175.8,-5.53,False
2026-03-12T17:38:35.098293,76cd75,SIA406,4.1409,101.5611,10363.2,251.84,326.67,-0.33,False
2026-03-12T17:38:35.098293,76cee9,SIA321,4.2936,100.4745,10660.38,258.08,142.13,0,False
2026-03-12T17:38:35.098293,76b445,SIA736,4.1613,101.5045,11582.4,241.28,316.64,0.33,False
2026-03-12T17:38:35.098293,8013d6,AIC2115,3.7053,101.0158,10058.4,239.15,155.2,0,False
2026-03-12T17:40:36.089900,76b864,Unknown,4.1672,100.6117,7993.38,228.29,152.05,7.8,False
2026-03-12T17:40:36.089900,76cd75,SIA406,4.1409,101.5611,10363.2,251.84,326.67,-0.33,False
2026-03-12T17:40:36.089900,76cee9,SIA321,4.0627,100.653,10668,258.49,142.2,0,False
2026-03-12T17:42:38.627640,76b864,Unknown,4.0212,100.6891,8580.12,230.17,151.72,7.15,False
2026-03-12T17:42:38.627640,76d1cc,Unknown,3.9418,101.2967,6690.36,185.93,166.89,8.45,False
2026-03-12T17:42:38.627640,76cd75,SIA406,4.1409,101.5611,10363.2,251.84,326.67,-0.33,False
2026-03-12T17:42:38.627640,76cee9,SIA321,3.8446,100.8214,10668,257.77,142.22,0,False
2026-03-12T17:44:40.903897,76b864,TGW425,3.719,100.8315,9540.24,236.13,163.03,6.83,False
2026-03-12T17:44:40.903897,76d1cc,Unknown,3.9418,101.2967,6690.36,241.11,128.85,8.13,False
2026-03-12T17:56:47.907244,76b44b,SIA137,3.9702,100.7907,8427.72,232.63,161.57,6.83,False
2026-03-12T17:58:49.094321,76b44b,SIA137,3.7206,100.8755,9204.96,238.17,161.1,5.2,False
2026-03-12T18:00:50.230366,461f56,FIN131,3.7042,100.8355,11887.2,244.4,139.27,0.33,False
2026-03-12T23:05:23.184185,750400,MXD2106,3.7039,101.0396,7315.2,207.69,328.99,0.33,False
2026-03-12T23:07:24.205821,750400,MXD2106,3.8933,100.9256,7315.2,207.51,328.79,0,False
2026-03-12T23:09:25.276767,750400,MXD2106,3.8933,100.9256,7315.2,207.51,328.79,0,False
2026-03-12T23:11:26.282514,750400,MXD2106,3.8933,100.9256,7315.2,207.51,328.79,0,False
2026-03-12T23:19:31.205886,8007cd,IGO1004,3.7899,100.6402,10972.8,236.34,302.38,0,False
2026-03-12T23:19:31.205886,750450,Unknown,4.498,101.0715,9418.32,226.91,322.09,2.93,False
2026-03-12T23:19:31.205886,06a2de,QTR8522,3.8331,101.3451,12496.8,239.15,147.03,0,False
2026-03-12T23:21:32.271789,8007cd,IGO1004,3.8248,100.5855,10980.42,235.91,302.44,0.33,False
2026-03-12T23:21:32.271789,750450,Unknown,4.498,101.0715,9418.32,226.91,322.09,2.93,False
2026-03-12T23:23:33.361863,8007cd,IGO1004,3.8248,100.5855,10980.42,235.91,302.44,0.33,False
2026-03-12T23:23:33.361863,750450,Unknown,4.498,101.0715,9418.32,226.91,322.09,2.93,False
2026-03-12T23:25:34.618230,8007cd,IGO1004,3.8248,100.5855,10980.42,235.91,302.44,0.33,False
2026-03-12T23:37:41.865928,7c806d,QFA209,4.0423,101.5886,10355.58,253.33,316.97,0.33,False
2026-03-12T23:39:42.904710,750223,MAS1194,3.8083,100.9203,6096,201.6,324.24,-0.33,False
2026-03-12T23:39:42.904710,7c806d,QFA209,4.1054,101.5299,10363.2,253.31,316.81,-0.33,False
2026-03-12T23:39:42.904710,80143a,AIC2383,3.7966,101.3093,9136.38,237.07,322.58,0,False
2026-03-12T23:41:43.933783,750223,MAS1194,3.9879,100.8402,5821.68,198.28,335.96,-3.58,False
2026-03-12T23:41:43.933783,7c806d,QFA209,4.1054,101.5299,10363.2,253.31,316.81,-0.33,False
2026-03-12T23:41:43.933783,80143a,AIC2383,3.7966,101.3093,9136.38,237.07,322.58,0,False
2026-03-12T23:43:45.203756,750223,MAS1194,3.9879,100.8402,5821.68,198.28,335.96,-3.58,False
2026-03-12T23:43:45.203756,80143a,AIC2383,3.7966,101.3093,9136.38,237.07,322.58,0,False
2026-03-12T23:45:46.297499,750223,MAS1194,3.9879,100.8402,5821.68,198.28,335.96,-3.58,False
2026-03-12T23:47:47.357816,3965aa,AFR257,3.7532,101.4556,9144,253.35,327.86,0,False
2026-03-12T23:49:48.732931,3965aa,AFR257,4.0125,101.268,9144,253.75,323.99,0,False
2026-03-12T23:51:49.844547,3965aa,AFR257,4.0125,101.268,9144,253.75,323.99,0,False
2026-03-12T23:53:50.976295,4bb0f4,THY057,3.9841,101.46,10370.82,260.49,350.22,0,False
2026-03-12T23:53:50.976295,3965aa,AFR257,4.0125,101.268,9144,253.75,323.99,0,False
2026-03-12T23:55:52.145591,4bb0f4,THY057,3.9841,101.46,10370.82,260.49,350.22,0,False
2026-03-12T23:57:53.268987,4bb0f4,THY057,3.9841,101.46,10370.82,260.49,350.22,0,False
2026-03-13T01:10:22.877360,4b1917,SWR177,3.826,101.4384,9144,249.32,320.69,0,False
2026-03-13T01:12:25.194099,4b1917,SWR177,3.826,101.4384,9144,249.32,320.69,0,False
2026-03-13T01:14:26.441156,4b1917,SWR177,3.826,101.4384,9144,249.32,320.69,0,False
2026-03-13T01:26:35.006921,8a0536,GIA088,3.7519,100.9474,9144,254.39,335.51,-0.33,False
2026-03-13T01:26:35.006921,76cdb2,SIA328,3.7714,101.4996,8534.4,244.13,313.89,0,False
2026-03-13T01:28:36.164766,8a0536,GIA088,3.9967,100.8372,9144,252.82,335.73,0,False
2026-03-13T01:28:36.164766,76cdb2,SIA328,3.8455,101.4353,8534.4,246.32,323.32,0,False
2026-03-13T01:30:37.408130,8a0536,GIA088,3.9967,100.8372,9144,252.82,335.73,0,False
2026-03-13T01:30:37.408130,76cd44,SIA352,3.8132,101.4323,9898.38,259.29,335.88,2.6,False
2026-03-13T01:30:37.408130,76cdb2,SIA328,3.8455,101.4353,8534.4,246.32,323.32,0,False
2026-03-13T01:32:38.571578,8a0536,GIA088,3.9967,100.8372,9144,252.82,335.73,0,False
2026-03-13T01:32:38.571578,76cd44,SIA352,3.9613,101.3665,10096.5,259.29,335.88,2.6,False
2026-03-13T01:34:39.712375,76cd44,SIA352,3.9613,101.3665,10096.5,259.29,335.88,2.6,False
2026-03-13T02:13:00.554389,7c1471,Unknown,4.2361,101.5263,10058.4,251,153.33,-0.33,False
2026-03-13T02:29:19.422626,484561,KLM836,3.8113,101.4333,9144,253.54,335.93,0,False
2026-03-13T02:31:26.548217,484561,KLM836,3.8113,101.4333,9144,253.54,335.93,0,False
2026-03-13T02:33:35.204641,484561,KLM836,3.8113,101.4333,9144,253.54,335.93,0,False
2026-03-13T02:45:42.952996,76cda2,SIA392,3.7908,101.4085,10165.08,249.98,303.33,1.3,False
2026-03-13T02:47:44.139525,76cda2,SIA392,3.8118,101.3745,10180.32,250.48,300.62,1.3,False
2026-03-13T02:49:45.944137,76cda2,SIA392,3.8118,101.3745,10180.32,250.48,300.62,1.3,False
2026-03-13T02:51:48.410774,76cdab,SIA366,4.0988,101.5037,9144,251.76,318.23,0,False
2026-03-13T02:53:49.334393,76cda2,Unknown,4.2413,100.5249,10363.2,251.42,285.91,0.33,False
2026-03-13T02:53:49.334393,76cdb9,SIA302,3.7067,101.4795,9806.94,258.14,335.89,3.25,False
2026-03-13T02:53:49.334393,76cdab,SIA366,4.0988,101.5037,9144,251.76,318.23,0,False
2026-03-13T04:09:28.190567,76ceed,SIA345,3.7256,100.7168,11277.6,250.88,131.01,0,False
2026-03-13T04:13:30.445755,750585,AXM70,3.7359,101.5438,7528.56,209.41,154.69,-11.05,False
2026-03-13T04:37:42.802898,76cd75,Unknown,4.1875,101.4371,11887.2,246.63,153.49,0,False
2026-03-13T04:39:43.812911,76cd75,SIA403,4.0023,101.5293,11887.2,247.78,153.49,0,False
2026-03-13T04:45:46.814289,151dc3,AFL296,4.133,101.4092,11887.2,246.63,162.02,0,False
2026-03-13T04:47:47.864246,151dc3,AFL296,3.856,101.4982,11887.2,246.96,162.17,0,False
2026-03-13T05:03:56.653588,8016a3,IGO1002,3.8406,100.4358,10980.42,233.9,305.96,0,False
2026-03-13T05:05:57.577584,8016a3,IGO1002,3.8606,100.4085,10980.42,233.9,305.96,0,False
2026-03-13T05:07:58.508185,8016a3,IGO1002,3.8606,100.4085,10980.42,233.9,305.96,0,False
2026-03-13T05:12:00.444157,76cda8,SIA309,3.7301,101.4005,12496.8,251.12,146.7,0,False
2026-03-13T05:16:02.642048,76cd09,SIA523,3.7986,101.2323,11887.2,250.06,138.67,0.33,False
2026-03-13T05:20:05.031240,75027c,AXM64,4.0582,100.704,9982.2,225.24,165.04,-4.88,False
2026-03-13T05:22:06.157624,75027c,AXM64,3.8261,100.766,9448.8,229.48,165.06,-0.98,False
2026-03-13T05:30:10.285321,76b451,Unknown,3.8963,101.3135,11277.6,232.32,147.3,0.33,False
2026-03-13T05:32:11.278730,89505c,RBA122,3.7394,100.462,11285.22,237.57,103.52,0,False
2026-03-13T05:34:12.204888,7502b2,MAS181,3.7578,100.3885,9479.28,240.76,112.62,-5.85,False
2026-03-13T05:38:14.222135,7503c8,AXM12,3.7261,100.3855,7696.2,221.83,127.08,-12.68,False
2026-03-13T05:42:16.403181,75056f,MXD206,3.7749,101.3896,7955.28,234.18,143.31,-5.85,False
2026-03-13T05:58:24.058668,750109,AXM68,3.9379,100.7869,9898.38,242.08,157.9,-5.53,False
2026-03-13T06:04:27.000293,750543,XAX601,3.9032,100.8299,8907.78,229.89,159.29,-9.75,False
2026-03-13T06:06:27.977440,750543,XAX601,3.8884,100.8355,8846.82,223.57,159.1,-8.13,False
2026-03-13T06:10:29.873399,7501e8,Unknown,4.4073,100.369,11719.56,231.78,182.8,-5.2,False
2026-03-13T06:12:30.791422,8014c4,AIC2380,3.8626,101.4304,10668,226.93,149.48,0,False
2026-03-13T06:12:30.791422,7501e8,Unknown,4.4073,100.369,11719.56,231.78,182.8,-5.2,False
2026-03-13T06:14:31.739471,7501e8,Unknown,4.4073,100.369,11719.56,231.78,182.8,-5.2,False
2026-03-13T06:16:32.777046,76cd43,SIA351,3.7194,101.2547,11887.2,248.97,152.43,0,False
2026-03-13T06:18:33.769724,7502b3,AXM6115,4.0683,100.7,7620,217.68,160.97,-0.33,False
2026-03-13T06:20:34.741914,7502b3,AXM6115,4.0683,100.7,7620,217.68,160.97,-0.33,False
2026-03-13T06:24:36.621907,8016be,IGO1006,3.7018,100.6266,10980.42,233.37,306.21,-0.33,False
2026-03-13T06:26:37.598293,8016be,IGO1006,3.8224,100.462,10972.8,233.9,305.96,0,False
2026-03-13T06:28:38.511252,8016be,IGO1006,3.8224,100.462,10972.8,233.9,305.96,0,False
2026-03-13T06:28:38.511252,76cce2,SIA23,3.7944,101.2178,12496.8,250.09,154.01,-0.33,False
2026-03-13T06:30:39.517397,8016be,IGO1006,3.8224,100.462,10972.8,233.9,305.96,0,False
2026-03-13T06:32:40.472178,750400,Unknown,3.901,101.3198,7620,191.7,205.26,0.33,False
2026-03-13T06:48:48.506335,76d253,TGW488,3.8982,100.8803,3695.7,190.66,335.79,-11.05,False
2026-03-13T06:50:49.553797,76d253,TGW488,3.9392,100.8619,3467.1,183.76,335.87,-12.03,False
2026-03-13T06:52:50.517237,76d253,TGW488,3.9392,100.8619,3467.1,183.76,335.87,-12.03,False
2026-03-13T06:58:53.554517,7504a0,AXM890,3.8096,101.4256,8145.78,213.36,346.33,5.85,False
2026-03-13T07:00:54.584920,7504a0,AXM890,3.9292,101.3808,8610.6,213.36,346.33,5.85,False
2026-03-13T07:02:55.626848,7504a0,AXM890,3.9292,101.3808,8610.6,213.36,346.33,5.85,False
2026-03-13T07:06:57.723035,76bcc8,TGW522,3.707,101.344,11871.96,252.36,320.96,3.58,False
2026-03-13T07:08:58.672468,76bcc8,TGW522,3.707,101.344,11871.96,252.36,320.96,3.58,False
2026-03-13T07:10:59.877344,7504fd,AXM6124,3.7792,100.8591,7924.8,195.16,332.02,0,False
2026-03-13T07:13:00.899239,7504fd,AXM6124,4.0338,100.7246,7924.8,197.46,332.03,0,False
2026-03-13T07:15:02.052324,7504fd,AXM6124,4.2185,100.627,6934.2,201.6,332,-12.03,False
2026-03-13T07:17:03.680590,7504fd,AXM6124,4.2185,100.627,6934.2,201.6,332,-12.03,False
2026-03-13T07:19:04.653933,89618b,UAE314,3.8342,100.7923,11887.2,246.33,136.27,0,False
2026-03-13T07:19:04.653933,7504fd,AXM6124,4.2185,100.627,6934.2,201.6,332,-12.03,False
2026-03-13T07:23:06.581167,70c0fa,Unknown,3.9441,100.7771,8983.98,245.73,110.98,-5.2,False
2026-03-13T07:25:07.485825,70c0fa,OMA821,3.8806,100.9418,8564.88,240.19,110.96,-5.2,False
2026-03-13T07:25:07.485825,76cd41,SIA377,3.9046,101.4576,12496.8,249.24,150.58,0,False
2026-03-13T07:27:08.508813,70c0fa,OMA821,3.8806,100.9418,8564.88,240.19,110.96,-5.2,False
2026-03-13T07:29:09.464079,70c0fa,OMA821,3.8806,100.9418,8564.88,240.19,110.96,-5.2,False
2026-03-13T07:35:12.812582,750419,AXM6020,3.8865,100.8856,9753.6,219.7,335.96,0,False
2026-03-13T07:37:13.777711,750419,AXM6020,3.9938,100.8379,9753.6,216.46,335.87,0,False
2026-03-13T07:39:14.690620,4bb102,THY45M,3.9065,101.3243,7574.28,213.05,145.43,-4.88,False
2026-03-13T07:39:14.690620,750419,AXM6020,3.9938,100.8379,9753.6,216.46,335.87,0,False
2026-03-13T07:41:15.724463,4bb102,THY45M,3.7295,101.4459,6995.16,207.78,145.29,-5.2,False
2026-03-13T07:41:15.724463,76cdb0,Unknown,3.7786,101.1563,12496.8,250.09,150.96,0,False
2026-03-13T07:41:15.724463,750419,AXM6020,3.9938,100.8379,9753.6,216.46,335.87,0,False
2026-03-13T07:43:16.714512,76b446,SIA724,4.1689,101.5676,10972.8,235.86,325.76,0,False
2026-03-13T07:45:17.686389,76b446,SIA724,4.3141,101.4691,10972.8,236.29,325.83,0,False
2026-03-13T07:47:18.724824,76b446,SIA724,4.3141,101.4691,10972.8,236.44,325.55,-0.33,False
2026-03-13T07:49:19.686868,76b446,SIA724,4.3141,101.4691,10972.8,236.44,325.55,-0.33,False
2026-03-13T07:53:21.681139,8013d6,Unknown,3.9282,101.4997,10058.4,242.82,151.81,0,False
2026-03-13T07:59:24.577071,7502b3,AXM6114,3.8234,100.9137,6705.6,187,335.97,0.33,False
2026-03-13T08:01:25.566932,7502b3,AXM6114,3.9423,100.8608,6705.6,186.53,335.91,0,False
2026-03-13T08:03:26.491656,76b86b,TGW430,3.7496,101.1151,9837.42,233.19,319.56,-14.63,False
2026-03-13T08:03:26.491656,7502b3,AXM6114,3.983,100.8426,6705.6,186.53,335.91,-0.33,False
2026-03-13T08:05:27.420978,76b86b,TGW430,3.7496,101.1151,9837.42,233.25,319.74,-15.28,False
2026-03-13T08:05:27.420978,7502b3,AXM6114,3.983,100.8426,6705.6,186.53,335.91,-0.33,False
2026-03-13T08:07:28.421149,76b86b,TGW430,3.7496,101.1151,9837.42,233.25,319.74,-15.28,False
2026-03-13T08:21:35.448969,8a095b,TNU633,3.8284,100.9131,8382,216.88,335.62,-11.05,False
2026-03-13T08:23:36.396231,8a095b,TNU633,3.9784,100.8456,7490.46,206.32,335.86,-9.75,False
2026-03-13T08:25:37.372987,8a095b,TNU633,3.9784,100.8456,7490.46,206.32,335.86,-9.75,False
2026-03-13T08:27:38.321732,8a095b,TNU633,3.9784,100.8456,7490.46,206.32,335.86,-9.75,False
2026-03-13T08:27:38.321732,750450,AXM14,4.14,100.5785,10690.86,230.88,173.6,-4.88,False
2026-03-13T08:27:38.321732,800c42,AIC2385,3.725,101.4092,7254.24,204.9,4.61,6.5,False
2026-03-13T08:29:39.252814,750450,AXM14,4.14,100.5785,10690.86,230.88,173.6,-4.88,False
2026-03-13T08:29:39.252814,800c42,AIC2385,3.725,101.4092,7254.24,204.9,4.61,6.5,False
2026-03-13T08:31:40.220365,800c42,AIC2385,3.725,101.4092,7254.24,204.9,4.61,6.5,False
2026-03-13T08:33:41.187739,7504f4,AXM880,3.7074,101.3986,7056.12,215.28,8.38,5.53,False
2026-03-13T08:35:42.124900,7504f4,AXM880,3.7455,101.4042,7155.18,218.41,8.4,6.18,False
2026-03-13T08:37:43.084657,7504f4,AXM880,3.7455,101.4042,7155.18,218.41,8.4,6.18,False
2026-03-13T08:39:44.123762,750263,MAS6064,3.7146,101.4083,5958.84,212.16,4.73,5.2,False
2026-03-13T08:39:44.123762,76b449,SIA132,3.8254,100.9128,8892.54,224.55,336.08,-10.4,False
2026-03-13T08:41:45.089521,750263,MAS6064,3.7146,101.4083,5958.84,212.16,4.73,5.2,False
2026-03-13T08:41:45.089521,76b449,SIA132,3.9876,100.8406,7940.04,214.63,335.95,-11.05,False
2026-03-13T08:43:46.037080,750263,MAS6064,3.7146,101.4083,5958.84,212.16,4.73,5.2,False
2026-03-13T08:43:46.037080,76b449,SIA132,3.9876,100.8406,7940.04,214.63,335.95,-11.05,False
2026-03-13T14:27:03.693422,750470,AXM6153,4.0025,100.827,6850.38,196.5,332.56,-8.13,False
2026-03-13T14:27:03.693422,39c429,AFR181,4.0444,101.5002,10363.2,255.49,330.44,-0.33,False
2026-03-16T15:40:34.858958,750583,MXD2205,4.0501,100.778,7315.2,206.1,337.08,0,False
2026-03-16T15:42:36.458887,750583,MXD2205,4.0501,100.778,7315.2,206.1,337.08,0,False
2026-03-16T15:44:39.374386,750208,MAS1209,3.7162,101.4084,6499.86,215.2,122.7,-7.8,False
2026-03-16T15:44:39.374386,750583,MXD2205,4.0501,100.778,7315.2,206.1,337.08,0,False
2026-03-16T15:46:40.902099,683320,UPEM014,3.8165,101.5298,11582.4,231.72,332.35,0,False
2026-03-16T15:46:40.902099,76cce2,SIA21,3.7093,101.0879,12496.8,245.89,151.24,0,False
2026-03-16T15:48:42.142849,3c4a8c,DLH780,4.4028,100.4028,11887.2,245.84,146.61,0,False
2026-03-16T15:48:42.142849,683320,UPEM014,4.0628,101.2953,12031.98,215.39,286.23,3.58,False
2026-03-16T15:48:42.142849,750465,AXM6318,4.3896,100.4142,9151.62,237.43,333.21,0,False
2026-03-16T15:48:42.142849,76cef1,SIA325,3.9756,100.8203,11277.6,244.01,163.59,0,False
2026-03-16T15:50:43.421710,3c4a8c,DLH780,4.1852,100.5454,11887.2,245.84,146.61,0,False
2026-03-16T15:50:43.421710,683320,UPEM014,4.1098,101.238,12176.76,215.72,314.52,0,False
2026-03-16T15:50:43.421710,750465,AXM6318,4.3896,100.4142,9151.62,237.43,333.21,0,False
2026-03-16T15:50:43.421710,76cef1,SIA325,3.7217,100.8954,11277.6,246.03,159.18,0,False
2026-03-16T15:52:44.593135,3c4a8c,DLH780,3.966,100.6894,11887.2,245.84,146.61,0,False
2026-03-16T15:52:44.593135,683320,UPEM014,4.1098,101.238,12176.76,215.72,314.52,0,False
2026-03-16T15:54:45.851169,3c4a8c,DLH780,3.7267,100.8467,11887.2,246.27,146.68,0,False
2026-03-16T15:56:47.195773,750280,MAS794,3.7654,100.9971,8031.48,240.61,341.68,4.88,False
2026-03-16T15:58:48.509022,3c670f,Unknown,3.9387,100.6868,12496.8,251.03,135.83,0.33,False
2026-03-16T15:58:48.509022,76b863,TGW424,3.7834,101.4886,10355.58,230.59,297.94,0,False
2026-03-16T15:58:48.509022,750280,MAS794,3.8417,100.9722,8336.28,241.91,341.91,9.43,False
2026-03-16T16:00:49.700559,3c670f,DLH768,3.7318,100.8867,12496.8,249.6,136.17,0,False
2026-03-16T16:00:49.700559,76b863,TGW424,3.8676,101.3303,10317.48,231.5,297.82,-4.23,False
2026-03-16T16:00:49.700559,750280,MAS794,3.8417,100.9722,8336.28,241.91,341.91,9.43,False
2026-03-16T16:02:51.481919,76b863,TGW424,3.8676,101.3303,10317.48,231.5,297.82,-4.23,False
2026-03-16T16:02:51.481919,76b455,SIA138,3.8431,101.3846,9753.6,219.34,285.93,-0.33,False
2026-03-16T16:04:52.602888,76b863,TGW424,3.8676,101.3303,10317.48,231.5,297.82,-4.23,False
2026-03-16T16:04:52.602888,76b455,SIA138,3.8681,101.325,9738.36,219.52,295.54,-0.33,False
2026-03-16T16:06:53.770289,750400,MXD832,3.7354,101.5411,8534.4,221.86,311.9,-0.33,False
2026-03-16T16:06:53.770289,76b455,SIA138,3.8681,101.325,9738.36,219.52,295.54,-0.33,False
2026-03-16T16:08:54.906928,750400,MXD832,3.7354,101.5411,8534.4,221.86,311.9,-0.33,False
2026-03-16T16:10:56.049933,750400,MXD832,3.8979,101.3234,8534.4,217,295.41,0.33,False
2026-03-16T16:12:57.233789,750400,MXD832,3.8979,101.3234,8534.4,217,295.41,0.33,False
2026-03-16T16:14:58.257051,750202,Unknown,3.7384,101.3985,6614.16,203.2,132.33,-5.53,False
2026-03-16T16:14:58.257051,750453,AXM886,3.7526,101.0645,7901.94,215.55,337.11,6.5,False
2026-03-16T16:16:59.669334,750453,AXM886,3.7526,101.0645,7901.94,215.55,337.11,6.5,False
2026-03-16T16:19:01.296633,750453,AXM886,3.7526,101.0645,7901.94,215.55,337.11,6.5,False
2026-03-16T16:25:05.170288,75027e,AXM6316,3.7707,100.9373,8107.68,217.61,335.86,1.95,False
2026-03-16T16:27:06.233221,75027e,AXM6316,3.9816,100.8435,8564.88,236.05,335.95,5.2,False
2026-03-16T16:29:07.613872,75027e,AXM6316,3.9895,100.84,8587.74,236.05,335.95,5.2,False
2026-03-16T16:31:09.036261,75027e,AXM6316,3.9895,100.84,8587.74,236.05,335.95,5.2,False
2026-03-16T16:37:12.832015,801744,Unknown,3.8322,100.9695,10675.62,229.47,163.19,0,False
2026-03-16T16:37:12.832015,75020f,MAS1152,3.9527,100.856,7315.2,210.71,335.94,0,False
2026-03-16T16:39:14.354187,75020f,MAS1152,3.9767,100.8454,7315.2,210.71,335.94,0,False
2026-03-16T16:39:14.354187,76cc61,SIA401,3.7247,100.7824,11277.6,252.7,146.8,-0.33,False
2026-03-16T16:41:15.443711,80182d,IGO1612,4.3416,101.451,10972.8,236.73,309.71,0,False
2026-03-16T16:41:15.443711,75020f,MAS1152,3.9767,100.8454,7315.2,210.71,335.94,0,False
2026-03-16T16:43:17.023247,80182d,IGO1612,4.3738,101.4254,10972.8,236.73,309.71,0,False
2026-03-16T16:45:18.455297,80182d,IGO1612,4.3738,101.4254,10972.8,236.73,309.71,0,False
2026-03-16T16:45:18.455297,76d255,TGW486,3.7175,101.0934,4472.94,178.72,323.43,-11.05,False
2026-03-16T16:45:18.455297,75056d,MXD342,3.7644,101.4681,10744.2,234.2,321.24,-3.58,False
2026-03-16T16:47:19.892387,76d255,TGW486,3.7175,101.0934,4472.94,178.72,323.43,-11.05,False
2026-03-16T16:47:19.892387,75056d,MXD342,3.9341,101.3107,9944.1,235.42,316.33,-18.53,False
2026-03-16T16:47:19.892387,4b191e,SWR176,4.0708,100.7025,10668,243.64,150.95,0,False
2026-03-16T16:49:21.119352,75056d,MXD342,3.9341,101.3107,9944.1,235.42,316.33,-18.53,False
2026-03-16T16:49:21.119352,4b191e,SWR176,3.8546,100.8225,10668,244.34,150.9,0,False
2026-03-16T16:51:22.455597,75056d,MXD342,3.9341,101.3107,9944.1,235.42,316.33,-18.53,False
2026-03-16T16:59:27.380392,750223,MAS774,3.785,100.9875,7848.6,243.54,341.14,5.85,False
2026-03-16T16:59:27.380392,76b441,SIA731,3.8832,100.8916,9448.8,238.18,162.27,0,False
2026-03-16T17:01:28.609630,750223,MAS774,3.8418,100.9688,8001,246.79,341.9,6.18,False
2026-03-16T17:03:29.850962,750223,MAS774,3.8418,100.9688,8001,246.79,341.9,6.18,False
2026-03-16T17:05:31.166741,406591,BAW15,3.8064,100.9176,11277.6,242.17,167.74,0,False
2026-03-16T17:09:33.447100,750465,Unknown,3.9794,100.4264,9380.22,226.09,165.77,-7.48,False
2026-03-16T17:15:37.488020,76b451,SIA519,3.7571,100.7217,11277.6,233.57,146.59,0,False
2026-03-16T17:25:43.922834,5003ad,T7ELLY,3.806,100.6891,8618.22,258.68,340.84,-10.73,False
2026-03-16T17:27:45.073765,5003ad,T7ELLY,3.806,100.6891,8618.22,258.68,340.84,-10.73,False
2026-03-16T17:29:46.548801,5003ad,T7ELLY,4.3774,100.4642,6560.82,202.06,337.55,-10.08,False
2026-03-16T17:31:47.647748,5003ad,T7ELLY,4.3774,100.4642,6560.82,202.06,337.55,-10.08,False
2026-03-16T17:33:50.213216,5003ad,T7ELLY,4.3774,100.4642,6560.82,202.06,337.55,-10.08,False
2026-03-16T17:39:57.306335,461f48,FIN131,3.7548,101.0266,12496.8,241.45,160.72,0,False
2026-03-16T17:48:05.743438,75029c,AXM1725,3.8861,100.9072,8740.14,220.39,157.93,5.85,False
2026-03-16T17:54:09.969174,76b863,TGW425,3.7448,100.9809,9189.72,237.5,137.99,5.53,False
2026-03-16T17:54:09.969174,750517,AXM6417,3.9877,100.7787,7818.12,217.86,162.55,3.9,False
2026-03-16T17:56:11.354823,750517,AXM6417,3.8524,100.8211,8100.06,212.98,162.57,4.23,False
2026-03-16T17:58:12.566422,8a07b7,AWQ220,3.9226,100.8696,10195.56,243.88,335.98,-3.9,False
2026-03-16T18:00:13.749757,8a07b7,AWQ220,4.0004,100.8349,10058.4,244.09,335.87,-3.25,False
2026-03-16T18:00:13.749757,750419,AXM820,3.7167,100.8487,7924.8,206.36,311.16,4.88,False
2026-03-16T18:00:13.749757,76b455,SIA137,3.9468,100.8694,8785.86,214.84,163.3,5.2,False
2026-03-16T18:00:13.749757,80143a,AIC2115,4.1109,101.466,10683.24,229.97,166.68,-0.33,False
2026-03-16T18:02:15.199563,8a07b7,AWQ220,4.0004,100.8349,10058.4,244.09,335.87,-3.25,False
2026-03-16T18:02:15.199563,750419,AXM820,4.0379,100.7466,8473.44,224.85,345.42,4.55,False
2026-03-16T18:02:15.199563,76b455,SIA137,3.7435,100.9867,9395.46,225.31,146.93,5.2,False
2026-03-16T18:02:15.199563,80143a,AIC2115,3.8623,101.5239,10660.38,228.12,166.97,-0.33,False
2026-03-16T18:04:16.331544,750419,AXM820,4.0379,100.7466,8473.44,224.85,345.42,4.55,False
2026-03-16T18:06:17.759686,750419,AXM820,4.0379,100.7466,8473.44,224.85,345.42,4.55,False
2026-03-16T18:10:19.916609,76ceed,SIA321,4.0644,100.7419,10668,249.17,147.39,0,False
2026-03-16T18:12:21.027451,76ceed,SIA321,3.8579,100.874,10668,250.28,147,0,False
2026-03-16T18:22:27.130720,75020f,Unknown,3.8496,100.9458,7620,215.57,179.18,0.33,False
2026-03-16T18:22:27.130720,7504fd,AXM892,3.8069,100.8176,8054.34,213.03,325.93,1.63,False
2026-03-16T18:24:28.258359,7504fd,AXM892,4.169,100.6595,8686.8,239.77,350.74,5.53,False
2026-03-16T18:26:29.358192,7504fd,AXM892,4.169,100.6595,8686.8,239.77,350.74,5.53,False
2026-03-16T18:28:30.436072,7504fd,AXM892,4.169,100.6595,8686.8,239.77,350.74,5.53,False
2026-03-16T18:42:38.857526,75033c,AXM6014,3.8693,100.8931,8458.2,228,336.04,5.53,False
2026-03-16T18:44:40.169509,75033c,AXM6014,3.9828,100.8426,8747.76,235.11,335.85,3.9,False
2026-03-16T18:46:41.246964,75033c,AXM6014,3.9828,100.8426,8747.76,235.11,335.85,3.9,False
2026-03-16T18:48:42.416208,75033c,AXM6014,3.9828,100.8426,8747.76,235.11,335.85,3.9,False
2026-03-16T18:52:44.809470,8964fb,ETD7LE,3.9469,100.8165,7787.64,222.92,112.96,-4.55,False
2026-03-16T18:54:47.618807,8964fb,ETD7LE,3.903,100.9192,7536.18,219.4,113.2,-4.88,False
2026-03-16T18:56:49.047172,8964fb,ETD7LE,3.903,100.9192,7536.18,219.4,113.2,-4.88,False
2026-03-16T18:56:49.047172,750280,MAS795,3.9185,100.9144,8244.84,219.67,113.02,-5.85,False
2026-03-16T18:58:50.413979,8964fb,ETD7LE,3.903,100.9192,7536.18,219.4,113.2,-4.88,False
2026-03-16T18:58:50.413979,75022b,AXM6331,3.7438,100.9489,7581.9,213.01,335.91,7.15,False
2026-03-16T18:58:50.413979,750280,MAS795,3.9185,100.9144,8244.84,219.67,113.02,-5.85,False
2026-03-16T19:00:51.933362,75022b,AXM6331,3.9754,100.8456,8282.94,219.02,336.02,5.53,False
2026-03-16T19:00:51.933362,750280,MAS795,3.9185,100.9144,8244.84,219.67,113.02,-5.85,False
2026-03-16T19:02:53.397052,75022b,AXM6331,3.998,100.8356,8343.9,219.49,336.08,5.2,False
2026-03-16T19:04:54.672312,75022b,AXM6331,3.998,100.8356,8343.9,219.49,336.08,5.2,False
2026-03-16T19:06:55.999966,750573,MXD131,4.2182,101.1893,7810.5,234.85,321.85,7.48,False
2026-03-16T19:08:57.160168,750573,MXD131,4.2182,101.1893,7810.5,234.85,321.85,7.48,False
2026-03-16T19:10:58.190744,750573,MXD131,4.2182,101.1893,7810.5,234.85,321.85,7.48,False
2026-03-16T19:12:59.347527,880451,AIQ309,3.7812,100.9331,8679.18,235.32,335.73,3.25,False
2026-03-16T19:15:00.609078,880451,AIQ309,3.9956,100.8377,9502.14,237.19,335.94,14.63,False
2026-03-16T19:15:00.609078,7501fa,XAX326,3.8801,101.3296,7246.62,218.1,338.7,7.48,False
2026-03-16T19:17:02.055924,880451,AIQ309,4.002,100.8348,9540.24,237.19,335.94,14.63,False
2026-03-16T19:17:02.055924,7501fa,XAX326,4.1337,101.208,8100.06,225.01,326.56,5.2,False
2026-03-16T19:19:03.415225,880451,AIQ309,4.002,100.8348,9540.24,237.19,335.94,14.63,False
2026-03-16T19:19:03.415225,7501fa,XAX326,4.1337,101.208,8100.06,225.01,326.56,5.2,False
2026-03-16T19:21:04.820955,7501fa,XAX326,4.1337,101.208,8100.06,225.01,326.56,5.2,False
2026-03-16T19:21:04.820955,7502b8,AXM6314,3.9629,100.8518,8846.82,216.93,335.93,5.2,False
2026-03-16T19:23:06.026031,7502b8,AXM6314,4.0117,100.8302,8976.36,216.25,336,4.88,False
2026-03-16T19:25:07.175748,7502b8,AXM6314,4.0117,100.8302,8976.36,216.25,336,4.88,False
2026-03-16T19:25:07.175748,76b454,SIA740,3.9949,101.5825,10972.8,242.19,329.35,0,False
2026-03-16T19:27:08.615952,750239,AXM6130,3.8234,100.9137,6705.6,191.59,335.91,0,False
2026-03-16T19:27:08.615952,76b454,SIA740,4.1888,101.4672,10972.8,242.8,328.87,0,False
2026-03-16T19:29:09.926963,750239,AXM6130,3.9776,100.8452,6705.6,190.45,335.93,0,False
2026-03-16T19:29:09.926963,7501fc,AXM826,3.7702,101.0453,7658.1,212.31,340.91,5.53,False
2026-03-16T19:29:09.926963,76b454,SIA740,4.1888,101.4672,10972.8,242.27,329.08,0.33,False
2026-03-16T19:31:11.501994,750239,AXM6130,3.9776,100.8452,6705.6,190.45,335.93,0,False
2026-03-16T19:31:11.501994,7501fc,AXM826,3.7702,101.0453,7658.1,212.31,340.91,5.53,False
2026-03-16T19:31:11.501994,76b454,SIA740,4.1888,101.4672,10972.8,242.27,329.08,0.33,False
2026-03-16T19:33:12.780503,750239,AXM6130,3.9776,100.8452,6705.6,190.45,335.93,0,False
2026-03-16T19:33:12.780503,76cd01,SIA504,3.7133,100.6113,11582.4,247.06,306.11,0,False
2026-03-16T19:35:13.950991,76cd01,SIA504,3.8295,100.4514,11582.4,246.45,305.91,0,False
2026-03-16T19:35:13.950991,750405,MXD205,3.7852,101.0312,7536.18,209.41,332.18,7.8,False
2026-03-16T19:37:15.025992,76cd01,SIA504,3.8295,100.4514,11582.4,246.45,305.91,0,False
2026-03-16T19:37:15.025992,750405,MXD205,3.7852,101.0312,7536.18,209.41,332.18,7.8,False
